wavelength,power,intensity
178.131,0,
178.351,0,
178.571,0,
178.791,0,
179.011,0,
179.231,0,
179.451,0,
179.671,0,
179.891,0,
180.111,0,
180.331,0,
180.551,0,
180.771,0,
180.991,0,
181.211,0,
181.431,0,
181.65,0,
181.87,0,
182.09,0,
182.31,0,
182.53,0,
182.75,0,
182.97,0,
183.189,0,
183.409,0,
183.629,0,
183.849,0,
184.068,0,
184.288,0,
184.508,0,
184.728,0,
184.947,0,
185.167,0,
185.387,0,
185.606,0,
185.826,0,
186.046,0,
186.265,0,
186.485,0,
186.705,0,
186.924,0,
187.144,0,
187.363,0,
187.583,0,
187.802,0,
188.022,0,
188.242,0,
188.461,0,
188.681,0,
188.9,0,
189.12,0,
189.339,0,
189.558,0,
189.778,0,
189.997,0,
190.217,0,
190.436,0,
190.656,0,
190.875,0,
191.094,0,
191.314,0,
191.533,0,
191.752,0,
191.972,0,
192.191,0,
192.41,0,
192.63,0,
192.849,0,
193.068,0,
193.288,0,
193.507,0,
193.726,0,
193.945,0,
194.165,0,
194.384,0,
194.603,0,
194.822,0,
195.041,0,
195.261,0,
195.48,0,
195.699,0,
195.918,0,
196.137,0,
196.356,0,
196.575,0,
196.794,0,
197.013,0,
197.232,0,
197.451,0,
197.671,0,
197.89,0,
198.109,0,
198.328,0,
198.547,0,
198.766,0,
198.984,0,
199.203,0,
199.422,0,
199.641,0,
199.86,0,
200.079,-27.54,
200.298,-46.98,
200.517,-27.04,
200.736,-53.36,
200.955,-64.95,
201.173,-67.6,
201.392,-54.53,
201.611,12.13,
201.83,-38.2,
202.049,21.62,
202.268,-29.1,
202.486,-4.68,
202.705,-66.2,
202.924,-31.06,
203.143,-20.16,
203.361,-6.8,
203.58,9.83,
203.799,8.96,
204.017,-47.39,
204.236,16.16,
204.455,-1.05,
204.673,-1.77,
204.892,-70.11,
205.111,-16.96,
205.329,31.55,
205.548,-15.71,
205.767,-32.56,
205.985,-21.82,
206.204,17.74,
206.422,-2.74,
206.641,6.53,
206.859,-25.34,
207.078,1.82,
207.296,-6.88,
207.515,-17.04,
207.733,-4.67,
207.952,8.12,
208.17,-32.56,
208.389,-15.53,
208.607,-26.08,
208.826,-12.32,
209.044,-36.83,
209.263,0.28,
209.481,-12.45,
209.699,-1.14,
209.918,-23.54,
210.136,2.08,
210.355,-9.38,
210.573,-13.23,
210.791,-10.03,
211.01,-15.1,
211.228,14.25,
211.446,6.1,
211.664,-29.56,
211.883,-14.75,
212.101,-14.17,
212.319,25.36,
212.537,-17.34,
212.756,-4.98,
212.974,7.81,
213.192,-3.9,
213.41,-2.18,
213.628,8.79,
213.847,-3.74,
214.065,-4.07,
214.283,-9.27,
214.501,17.8,
214.719,11.06,
214.937,2.92,
215.155,17.66,
215.373,-4.45,
215.591,-17.8,
215.81,-0.62,
216.028,-28.9,
216.246,-0.76,
216.464,-0.28,
216.682,-3.36,
216.9,-8.47,
217.118,1.82,
217.336,-13.28,
217.554,-3.94,
217.772,-5.09,
217.989,-4.33,
218.207,-12.8,
218.425,-6.3,
218.643,3.91,
218.861,-7.48,
219.079,-6.28,
219.297,3.07,
219.515,-0.37,
219.733,-11.39,
219.95,3.73,
220.168,-2.87,
220.386,7.7,
220.604,-2.07,
220.822,-7.29,
221.039,-9.65,
221.257,-1.18,
221.475,-6.26,
221.693,6.47,
221.91,-3.46,
222.128,4.61,
222.346,-22.11,
222.563,-5.5,
222.781,-10.75,
222.999,-0.76,
223.216,-2.61,
223.434,-5.82,
223.652,0.12,
223.869,-9.23,
224.087,-13.79,
224.305,-9.05,
224.522,-5.81,
224.74,-6.47,
224.957,-6.64,
225.175,2.22,
225.392,2.98,
225.61,0.7,
225.827,-15.63,
226.045,-8.13,
226.262,-5.22,
226.48,-1.59,
226.697,1.14,
226.915,-0.82,
227.132,-9.19,
227.35,-1.89,
227.567,-6.79,
227.784,-0.52,
228.002,-4.12,
228.219,-5.74,
228.437,-4.65,
228.654,7.2,
228.871,-13.98,
229.089,0.1,
229.306,4.75,
229.523,-7.15,
229.741,-3.09,
229.958,-3.95,
230.175,1.14,
230.392,-6.73,
230.61,-3.76,
230.827,-1.78,
231.044,-13.82,
231.261,-3.92,
231.479,-3.42,
231.696,3.64,
231.913,-1.41,
232.13,-10.16,
232.347,-3.31,
232.564,-5.13,
232.781,-1.3,
232.999,-4.5,
233.216,0.88,
233.433,-1.06,
233.65,-3.46,
233.867,6.27,
234.084,-4.66,
234.301,-10.93,
234.518,3.1,
234.735,-4.74,
234.952,-6.11,
235.169,-4.05,
235.386,3.52,
235.603,-3.87,
235.82,0.86,
236.037,-0.31,
236.254,-3.19,
236.471,7.23,
236.688,-1.87,
236.905,-4.71,
237.121,-4.62,
237.338,1.18,
237.555,-1.64,
237.772,4.8,
237.989,-3.73,
238.206,1.63,
238.423,0.91,
238.639,-3.49,
238.856,-3.3,
239.073,4.29,
239.29,-3.5,
239.506,0.42,
239.723,-6.27,
239.94,2.4,
240.157,-1.63,
240.373,-0.55,
240.59,-2.89,
240.807,-3.19,
241.023,5.44,
241.24,-9.3,
241.457,1.69,
241.673,-2.24,
241.89,-2.51,
242.107,3.14,
242.323,-3.95,
242.54,-0.51,
242.756,0.06,
242.973,-4.86,
243.189,-3.6,
243.406,-3.54,
243.622,-4.34,
243.839,2.04,
244.055,-1.77,
244.272,-1.45,
244.488,-0.69,
244.705,-2.29,
244.921,-2.08,
245.138,0.55,
245.354,3.44,
245.571,-2.08,
245.787,-4.34,
246.003,-0.43,
246.22,0.83,
246.436,-3.97,
246.653,-7.33,
246.869,-1.88,
247.085,-0.6,
247.302,1.83,
247.518,3.35,
247.734,0.7,
247.95,-4.04,
248.167,-2.16,
248.383,1.48,
248.599,1.69,
248.815,-1.84,
249.032,-1.39,
249.248,-2.7,
249.464,-3.17,
249.68,-1.94,
249.896,-2.88,
250.113,-3.07,
250.329,-8.29,
250.545,-2.28,
250.761,-3.92,
250.977,-0.41,
251.193,2.69,
251.409,-2.04,
251.625,1.05,
251.841,0.17,
252.057,-0.86,
252.273,0.01,
252.489,-1.78,
252.705,-3.82,
252.921,-0.78,
253.137,-0.39,
253.353,-4.58,
253.569,-0.38,
253.785,1.74,
254.001,-2.14,
254.217,-1.63,
254.433,1.64,
254.649,-1.01,
254.865,3.36,
255.081,-5.54,
255.297,-5.72,
255.512,-1.62,
255.728,2.75,
255.944,-2.92,
256.16,2.39,
256.376,3.47,
256.592,-0.59,
256.807,-3.39,
257.023,-1.35,
257.239,-1.46,
257.455,-2.83,
257.67,-6.22,
257.886,0.65,
258.102,-0.96,
258.317,2.07,
258.533,-2.44,
258.749,-0.91,
258.964,1.87,
259.18,2.81,
259.396,-3.52,
259.611,1.05,
259.827,2.54,
260.043,-2.07,
260.258,-2.2,
260.474,-1.4,
260.689,-4.84,
260.905,0.59,
261.12,-5.17,
261.336,-3.19,
261.551,-1.08,
261.767,1.42,
261.982,-6.98,
262.198,-1.93,
262.413,-2.36,
262.629,-2.19,
262.844,-1.63,
263.06,-1.66,
263.275,-0.23,
263.49,-2.66,
263.706,2.52,
263.921,-2.95,
264.136,-0.61,
264.352,-0.35,
264.567,-2.85,
264.782,-0.67,
264.998,-1.72,
265.213,-2.33,
265.428,1.23,
265.644,-0.59,
265.859,-1.27,
266.074,-2.7,
266.289,-1.21,
266.505,-0.67,
266.72,-0.06,
266.935,-2.02,
267.15,-7.95,
267.365,-1.27,
267.581,0.52,
267.796,-0.51,
268.011,-3.57,
268.226,1.2,
268.441,-0.38,
268.656,-2.31,
268.871,-0.65,
269.086,-1.52,
269.301,-1.94,
269.516,0.06,
269.731,-4.32,
269.946,-0.2,
270.162,-2.27,
270.377,0.38,
270.591,2,
270.806,-1.09,
271.021,1.73,
271.236,-1.46,
271.451,-2.25,
271.666,1.57,
271.881,-1.77,
272.096,-2.36,
272.311,-0.69,
272.526,-1.22,
272.741,-0.69,
272.956,1.26,
273.17,-0.55,
273.385,-0.41,
273.6,-2.69,
273.815,-0.68,
274.03,0,
274.244,-2.18,
274.459,-1.16,
274.674,0.84,
274.889,-0.85,
275.103,-0.8,
275.318,-1.21,
275.533,-5.05,
275.747,-1.44,
275.962,-4.7,
276.177,-2.62,
276.391,-2.31,
276.606,-0.31,
276.821,-0.33,
277.035,1.34,
277.25,-3.66,
277.465,-0.48,
277.679,1.58,
277.894,-1.21,
278.108,-0.9,
278.323,0.38,
278.537,-1.22,
278.752,1.37,
278.966,0.45,
279.181,-1.37,
279.395,-2.72,
279.61,0.3,
279.824,-1.13,
280.039,1.91,
280.253,-2.22,
280.467,-6.6,
280.682,0.05,
280.896,-0.73,
281.111,0.48,
281.325,-1.41,
281.539,-1.17,
281.754,-1.05,
281.968,1.42,
282.182,1.35,
282.397,-3.46,
282.611,1.41,
282.825,0.81,
283.039,-0.43,
283.254,-0.11,
283.468,-0.61,
283.682,-0.15,
283.896,-1.15,
284.111,0.45,
284.325,-2.73,
284.539,-1.45,
284.753,-0.57,
284.967,-0.26,
285.181,0.4,
285.395,0.16,
285.61,0.11,
285.824,-0.37,
286.038,-1.81,
286.252,-1.64,
286.466,-0.06,
286.68,-1.28,
286.894,-0.69,
287.108,0.29,
287.322,1.64,
287.536,-0.32,
287.75,-3.6,
287.964,-1.31,
288.178,-0.42,
288.392,-1.68,
288.606,1.01,
288.82,-0.02,
289.034,-0.14,
289.248,-0.29,
289.461,-0.37,
289.675,0.21,
289.889,-1.33,
290.103,0.02,
290.317,0.23,
290.531,-0.34,
290.744,-1.55,
290.958,0.12,
291.172,-1.16,
291.386,-0.06,
291.6,-2.65,
291.813,-0.28,
292.027,-0.61,
292.241,1.17,
292.454,1.06,
292.668,-1.6,
292.882,0.84,
293.096,-0.17,
293.309,-0.5,
293.523,-0.98,
293.736,-0.52,
293.95,-0.73,
294.164,1.05,
294.377,-2.07,
294.591,-0.81,
294.804,-0.73,
295.018,-1.4,
295.232,-0.03,
295.445,-0.15,
295.659,-1.13,
295.872,-1.68,
296.086,0.37,
296.299,-3.03,
296.512,-2.71,
296.726,0.55,
296.939,-0.36,
297.153,0.59,
297.366,1.15,
297.58,-2.24,
297.793,-1.28,
298.006,-2.51,
298.22,-0.97,
298.433,-1.86,
298.646,0.72,
298.86,-1.03,
299.073,-0.53,
299.286,-0.97,
299.5,-0.32,
299.713,-0.21,
299.926,-0.69,
300.139,0.83,
300.353,-2.1,
300.566,1.14,
300.779,-0.28,
300.992,-0.52,
301.206,-0.84,
301.419,-0.24,
301.632,-0.36,
301.845,1.8,
302.058,-0.22,
302.271,-0.48,
302.484,-0.43,
302.697,0.23,
302.911,-1.87,
303.124,-1.1,
303.337,0.68,
303.55,-1.28,
303.763,-1.25,
303.976,-0.39,
304.189,-2.08,
304.402,-0.7,
304.615,-0.33,
304.828,0.62,
305.041,0.8,
305.254,-0.16,
305.467,-0.48,
305.679,-1.3,
305.892,-0.5,
306.105,1.04,
306.318,-0.48,
306.531,-2.42,
306.744,-1.25,
306.957,-0.21,
307.17,0.85,
307.382,-0.36,
307.595,-0.63,
307.808,0,
308.021,-0.81,
308.233,0.17,
308.446,-1.72,
308.659,-0.8,
308.872,-2.03,
309.084,-0.06,
309.297,0.35,
309.51,-0.11,
309.722,0.43,
309.935,-1.28,
310.148,0.69,
310.36,-0.49,
310.573,0.52,
310.786,-2.58,
310.998,0.35,
311.211,-0.7,
311.423,-1.64,
311.636,-0.29,
311.848,-1.86,
312.061,-2.78,
312.274,-0.75,
312.486,-0.78,
312.699,-1.32,
312.911,0,
313.123,-2.11,
313.336,0.82,
313.548,-1.03,
313.761,-1.46,
313.973,-0.94,
314.186,-0.55,
314.398,-0.97,
314.61,-0.86,
314.823,0.55,
315.035,-1.75,
315.247,-1.53,
315.46,0.17,
315.672,-1.38,
315.884,0.67,
316.097,-0.9,
316.309,-0.17,
316.521,0.14,
316.733,-0.56,
316.946,-0.48,
317.158,-0.01,
317.37,-0.31,
317.582,-1.95,
317.794,0.03,
318.007,0.2,
318.219,-0.58,
318.431,0.31,
318.643,0.5,
318.855,0.42,
319.067,-1.56,
319.279,-1.06,
319.491,-0.03,
319.704,-0.34,
319.916,0.11,
320.128,-2.2,
320.34,-0.23,
320.552,-0.29,
320.764,-0.41,
320.976,-0.06,
321.188,-0.55,
321.4,-0.21,
321.612,-0.76,
321.824,0.4,
322.035,-0.12,
322.247,1.31,
322.459,0.84,
322.671,-1.36,
322.883,-0.51,
323.095,-0.58,
323.307,0.85,
323.519,-0.84,
323.73,0.17,
323.942,-1.09,
324.154,-1.4,
324.366,0.2,
324.577,0.58,
324.789,-1.19,
325.001,0.41,
325.213,-0.36,
325.424,-0.1,
325.636,-0.56,
325.848,0.35,
326.06,0.89,
326.271,-2.2,
326.483,-1.35,
326.694,0.33,
326.906,0.9,
327.118,-1.18,
327.329,0.5,
327.541,0.46,
327.752,-1.14,
327.964,-0.95,
328.176,-0.62,
328.387,-1.45,
328.599,-0.36,
328.81,-1.25,
329.022,-0.21,
329.233,0.68,
329.445,-3.06,
329.656,-0.12,
329.867,-1.58,
330.079,-1.92,
330.29,-1.33,
330.502,-0.81,
330.713,-0.2,
330.924,-0.16,
331.136,-2.43,
331.347,-0.31,
331.559,0.33,
331.77,-0.04,
331.981,-0.99,
332.192,0.28,
332.404,-1.71,
332.615,0.14,
332.826,-0.4,
333.038,-1.62,
333.249,-0.18,
333.46,-1.1,
333.671,-0.4,
333.882,-0.19,
334.094,-0.01,
334.305,-0.38,
334.516,-0.95,
334.727,0.54,
334.938,0.33,
335.149,0.94,
335.36,-0.16,
335.571,0.14,
335.782,-0.51,
335.994,-1.24,
336.205,0.11,
336.416,-0.53,
336.627,0.54,
336.838,-0.7,
337.049,-1.43,
337.26,-0.03,
337.471,0.09,
337.682,0.38,
337.893,-0.77,
338.103,-1.63,
338.314,-0.16,
338.525,-0.9,
338.736,-0.61,
338.947,-0.33,
339.158,-1.51,
339.369,-3.21,
339.58,-0.11,
339.79,-1.08,
340.001,-4.3,
340.212,-1.08,
340.423,0.36,
340.634,-0.53,
340.844,-0.56,
341.055,-1.08,
341.266,-0.84,
341.477,-0.52,
341.687,-0.2,
341.898,1.43,
342.109,-1.41,
342.319,0.34,
342.53,-0.49,
342.741,0.39,
342.951,-0.33,
343.162,-1.78,
343.372,-0.53,
343.583,1.66,
343.794,-1.11,
344.004,0.08,
344.215,-1.37,
344.425,-0.46,
344.636,-1.4,
344.846,-1.19,
345.057,-0.42,
345.267,-0.15,
345.478,-1.2,
345.688,-0.48,
345.899,-0.18,
346.109,-0.63,
346.319,-0.92,
346.53,1.5,
346.74,0.73,
346.951,-0.02,
347.161,-0.64,
347.371,-1,
347.582,-0.76,
347.792,1.26,
348.002,-1.35,
348.213,-0.71,
348.423,0.52,
348.633,-0.72,
348.843,0.1,
349.054,-0.2,
349.264,-0.1,
349.474,1.12,
349.684,-0.14,
349.894,-0.28,
350.105,0.8,
350.315,-0.93,
350.525,-0.08,
350.735,-1,
350.945,0.35,
351.155,-1.23,
351.365,-0.62,
351.575,-0.3,
351.786,-1.67,
351.996,0.36,
352.206,-1.41,
352.416,-0.37,
352.626,0.65,
352.836,0.28,
353.046,0.72,
353.256,-1.44,
353.466,-0.45,
353.676,-0.16,
353.885,-0.29,
354.095,-1.26,
354.305,0.35,
354.515,0.2,
354.725,0.16,
354.935,0.86,
355.145,0.7,
355.355,-0.09,
355.565,-1.56,
355.774,-1.27,
355.984,-0.26,
356.194,0.74,
356.404,-0.95,
356.613,0.78,
356.823,-0.94,
357.033,-1.84,
357.243,-1.14,
357.452,-1.4,
357.662,-0.49,
357.872,-1.13,
358.081,-0.81,
358.291,-1.32,
358.501,-0.22,
358.71,-0.61,
358.92,-1.47,
359.13,0.25,
359.339,0.56,
359.549,-1.9,
359.758,0.08,
359.968,1.18,
360.177,1.36,
360.387,-1.01,
360.596,-0.86,
360.806,0.42,
361.015,-0.05,
361.225,-0.2,
361.434,-1.23,
361.644,0.05,
361.853,-0.92,
362.063,0.59,
362.272,-1.58,
362.481,-0.1,
362.691,-0.61,
362.9,0.21,
363.109,-0.24,
363.319,-0.18,
363.528,-0.66,
363.737,-1.57,
363.947,-2.4,
364.156,-1.53,
364.365,-0.95,
364.574,0.43,
364.784,-1.39,
364.993,-0.01,
365.202,-1.27,
365.411,0.05,
365.621,0.09,
365.83,-0.67,
366.039,-0.57,
366.248,-0.96,
366.457,-0.61,
366.666,0.18,
366.875,-0.96,
367.084,-0.96,
367.294,0.78,
367.503,1.21,
367.712,-0.09,
367.921,-1.73,
368.13,-0.35,
368.339,0.67,
368.548,-0.8,
368.757,-1.69,
368.966,-1.28,
369.175,0.05,
369.384,-0.21,
369.593,-0.77,
369.801,-1.53,
370.01,0.38,
370.219,-1.58,
370.428,-1.04,
370.637,0.24,
370.846,-0.27,
371.055,1.45,
371.263,0.48,
371.472,0.21,
371.681,-0.71,
371.89,0.46,
372.099,1.38,
372.307,-0.9,
372.516,-1.79,
372.725,-0.05,
372.934,-0.61,
373.142,1.36,
373.351,1.39,
373.56,-1.7,
373.768,-0.81,
373.977,-0.12,
374.186,-0.42,
374.394,1.14,
374.603,-0.11,
374.811,-0.15,
375.02,-0.11,
375.228,-0.46,
375.437,-0.52,
375.646,-1.51,
375.854,0.03,
376.063,-0.21,
376.271,-2.08,
376.48,-0.39,
376.688,-0.35,
376.896,-0.88,
377.105,0.21,
377.313,-1.48,
377.522,-0.49,
377.73,0.59,
377.939,-0.24,
378.147,0.89,
378.355,-1.75,
378.564,0.29,
378.772,0.8,
378.98,-1.24,
379.189,0.01,
379.397,-1.75,
379.605,-2.22,
379.813,-0.48,
380.022,0.12,
380.23,-0.86,
380.438,-0.34,
380.646,-0.88,
380.855,-1.78,
381.063,0.8,
381.271,-0.26,
381.479,-0.73,
381.687,-0.19,
381.895,-0.71,
382.103,0.96,
382.312,-0.43,
382.52,0.17,
382.728,-0.59,
382.936,0.25,
383.144,-1.17,
383.352,0.44,
383.56,-0.7,
383.768,-0.3,
383.976,-1.77,
384.184,-1.46,
384.392,0.21,
384.6,0,
384.808,-0.02,
385.016,1.11,
385.224,-0.64,
385.431,0.53,
385.639,0.6,
385.847,-1.16,
386.055,-1.51,
386.263,-0.02,
386.471,-0.91,
386.678,-1.07,
386.886,-0.28,
387.094,-0.58,
387.302,-0.01,
387.51,0.37,
387.717,-0.65,
387.925,-0.12,
388.133,-0.63,
388.341,-0.51,
388.548,-1.29,
388.756,0.09,
388.964,-0.01,
389.171,0.07,
389.379,0.18,
389.586,-1.67,
389.794,-0.67,
390.002,-1.27,
390.209,-1.29,
390.417,-0.62,
390.624,0.29,
390.832,0.38,
391.039,0.23,
391.247,-0.39,
391.454,-1.12,
391.662,-0.5,
391.869,-0.59,
392.077,0.06,
392.284,-0.27,
392.492,0.26,
392.699,-0.94,
392.907,-0.78,
393.114,0.9,
393.321,-0.44,
393.529,-0.3,
393.736,-0.49,
393.943,-1.03,
394.151,-0.11,
394.358,0.09,
394.565,0.18,
394.773,-0.6,
394.98,0.93,
395.187,-0.21,
395.394,-0.36,
395.601,0.55,
395.809,-0.39,
396.016,-0.36,
396.223,-0.12,
396.43,-1.55,
396.637,-0.54,
396.845,-0.32,
397.052,-1.57,
397.259,0.7,
397.466,-0.91,
397.673,-0.09,
397.88,-0.44,
398.087,-1.17,
398.294,0,
398.501,1.09,
398.708,0,
398.915,0,
399.122,0.18,
399.329,1.3,
399.536,0.24,
399.743,-0.28,
399.95,-1.62,
400.157,-0.99,
400.364,0.06,
400.571,0.81,
400.778,-0.74,
400.984,-0.5,
401.191,-0.8,
401.398,0.05,
401.605,-1.88,
401.812,-1.73,
402.018,-2.13,
402.225,-1.09,
402.432,-0.86,
402.639,0.35,
402.846,-1.48,
403.052,0.72,
403.259,0.55,
403.466,-0.66,
403.672,0.17,
403.879,-0.4,
404.086,-1.75,
404.292,0.13,
404.499,-1.11,
404.706,-0.89,
404.912,-0.56,
405.119,-0.28,
405.325,-1.46,
405.532,-1.96,
405.738,-0.37,
405.945,0.41,
406.151,0.34,
406.358,-0.14,
406.564,-0.68,
406.771,-0.35,
406.977,-1.41,
407.184,0.24,
407.39,-1.05,
407.597,0.19,
407.803,-1.65,
408.009,0.38,
408.216,-0.4,
408.422,-0.23,
408.629,-0.47,
408.835,-0.44,
409.041,1.32,
409.248,0.67,
409.454,-0.73,
409.66,-1.15,
409.866,-0.26,
410.073,-0.02,
410.279,0.81,
410.485,-0.29,
410.691,-0.17,
410.897,-0.38,
411.104,-0.74,
411.31,-0.96,
411.516,-0.01,
411.722,-0.1,
411.928,-1.24,
412.134,-0.38,
412.34,-0.87,
412.547,-0.88,
412.753,-0.82,
412.959,-1.06,
413.165,-0.04,
413.371,-0.29,
413.577,0.37,
413.783,-1.94,
413.989,-1.43,
414.195,0.44,
414.401,-0.22,
414.607,-0.84,
414.812,-0.13,
415.018,-0.89,
415.224,-1.41,
415.43,0.56,
415.636,-0.51,
415.842,-0.97,
416.048,0.1,
416.254,-1.23,
416.459,-2.01,
416.665,-0.56,
416.871,0.26,
417.077,0.44,
417.283,0.06,
417.488,-1.81,
417.694,-1.21,
417.9,-0.78,
418.105,-0.55,
418.311,0.41,
418.517,-0.46,
418.722,-0.16,
418.928,-0.35,
419.134,0.39,
419.339,0.53,
419.545,-0.74,
419.751,-0.8,
419.956,0.08,
420.162,-0.03,
420.367,-1.16,
420.573,-1.07,
420.778,0.4,
420.984,-0.34,
421.189,0.05,
421.395,-1.26,
421.6,0.49,
421.806,-0.13,
422.011,-0.58,
422.217,0.77,
422.422,-0.68,
422.627,0.34,
422.833,-0.71,
423.038,0.13,
423.243,-0.31,
423.449,-1.32,
423.654,0.04,
423.859,-1.96,
424.065,-0.58,
424.27,-0.63,
424.475,-0.02,
424.681,-0.1,
424.886,-0.5,
425.091,0.53,
425.296,0.2,
425.501,-1.91,
425.707,0.14,
425.912,-0.26,
426.117,-0.13,
426.322,-0.5,
426.527,0.12,
426.732,-0.84,
426.937,-1.16,
427.142,-1.04,
427.348,-0.1,
427.553,-1.03,
427.758,0.58,
427.963,-1.04,
428.168,0.16,
428.373,0.3,
428.578,-0.54,
428.783,-0.03,
428.988,-1.12,
429.193,-0.82,
429.397,0.08,
429.602,-0.29,
429.807,0.26,
430.012,-0.37,
430.217,0.64,
430.422,-0.73,
430.627,-1.41,
430.832,-0.94,
431.036,-1.76,
431.241,-0.38,
431.446,-1.27,
431.651,-1.19,
431.855,0.34,
432.06,-0.25,
432.265,-0.24,
432.47,-0.24,
432.674,0.27,
432.879,0.23,
433.084,-0.9,
433.288,-0.22,
433.493,0.04,
433.698,0.19,
433.902,-1.03,
434.107,-0.18,
434.311,1.54,
434.516,1.77,
434.721,1.17,
434.925,4.78,
435.13,5.8,
435.334,9.32,
435.539,10.83,
435.743,16.16,
435.948,16.08,
436.152,21.36,
436.357,22.36,
436.561,26.71,
436.765,29.17,
436.97,31.97,
437.174,33.61,
437.379,37.54,
437.583,37.71,
437.787,43.56,
437.992,43.4,
438.196,47.2,
438.4,49.62,
438.605,51.2,
438.809,54.12,
439.013,56.52,
439.217,57.42,
439.422,63.35,
439.626,63.37,
439.83,68.15,
440.034,70.51,
440.238,72.31,
440.442,74.31,
440.647,80.56,
440.851,83.44,
441.055,85.67,
441.259,86.87,
441.463,91.68,
441.667,93.36,
441.871,95.64,
442.075,100.36,
442.279,106.51,
442.483,101.93,
442.687,113.96,
442.891,110.5,
443.095,114.41,
443.299,115.78,
443.503,119.81,
443.707,120.92,
443.911,119.48,
444.115,112.57,
444.319,115.06,
444.523,110.45,
444.726,103.43,
444.93,96.51,
445.134,94.32,
445.338,84.33,
445.542,76.44,
445.746,68.17,
445.949,58.61,
446.153,52,
446.357,44.9,
446.561,36.75,
446.764,31.79,
446.968,24.05,
447.172,20.95,
447.375,14.44,
447.579,9.11,
447.783,6.11,
447.986,5.14,
448.19,2.46,
448.393,0.96,
448.597,1.3,
448.801,0.89,
449.004,-1.4,
449.208,-0.15,
449.411,0.3,
449.615,0.36,
449.818,-1.18,
450.022,-0.08,
450.225,-0.66,
450.429,0.08,
450.632,-0.15,
450.836,-0.79,
451.039,-0.39,
451.242,-1.34,
451.446,-0.98,
451.649,0.4,
451.852,0.27,
452.056,-0.98,
452.259,-0.76,
452.462,0.73,
452.666,0.31,
452.869,0.68,
453.072,-0.96,
453.276,0.41,
453.479,-1.8,
453.682,-1.37,
453.885,0.02,
454.088,0.94,
454.292,0.14,
454.495,-0.18,
454.698,-1.16,
454.901,0.51,
455.104,-0.12,
455.307,-0.27,
455.51,-0.9,
455.713,0.97,
455.916,-1.37,
456.12,0.32,
456.323,-0.31,
456.526,1.22,
456.729,-1.97,
456.932,0.13,
457.135,-0.52,
457.338,-1.08,
457.54,-0.2,
457.743,1.52,
457.946,-0.76,
458.149,1,
458.352,-0.47,
458.555,0.33,
458.758,0.38,
458.961,-0.65,
459.164,0.34,
459.366,0.37,
459.569,0.22,
459.772,-0.61,
459.975,-0.77,
460.178,0.48,
460.38,-1,
460.583,0.18,
460.786,-0.64,
460.988,0.2,
461.191,0.26,
461.394,0.7,
461.596,-0.86,
461.799,0.26,
462.002,-0.3,
462.204,-1.27,
462.407,-1.89,
462.61,0.69,
462.812,-0.8,
463.015,0.21,
463.217,0.03,
463.42,0.74,
463.622,-0.66,
463.825,-1.14,
464.027,-1.99,
464.23,-1.18,
464.432,0.61,
464.635,-2.19,
464.837,-1.46,
465.039,-0.1,
465.242,-0.51,
465.444,-1.03,
465.647,-1.17,
465.849,-1.19,
466.051,0.09,
466.254,-0.99,
466.456,-0.92,
466.658,0.2,
466.86,-0.78,
467.063,0.09,
467.265,0.13,
467.467,0.59,
467.669,-1.14,
467.872,0.1,
468.074,-0.78,
468.276,0.09,
468.478,-0.01,
468.68,0.57,
468.882,-0.41,
469.085,-0.03,
469.287,0.63,
469.489,0.01,
469.691,0.68,
469.893,0.34,
470.095,-0.22,
470.297,0.64,
470.499,0.41,
470.701,0.03,
470.903,0.32,
471.105,0.05,
471.307,-0.41,
471.509,-0.14,
471.711,-0.51,
471.913,0.36,
472.115,0.44,
472.316,-0.49,
472.518,-0.57,
472.72,-0.47,
472.922,-0.99,
473.124,-0.12,
473.326,0.56,
473.527,0.53,
473.729,0.37,
473.931,0.29,
474.133,-1.03,
474.335,-0.55,
474.536,0.67,
474.738,-0.26,
474.94,-0.24,
475.141,-0.66,
475.343,-0.05,
475.545,-0.24,
475.746,-0.56,
475.948,-0.16,
476.149,-0.67,
476.351,-0.57,
476.553,-0.99,
476.754,0.54,
476.956,0.7,
477.157,-0.07,
477.359,0.27,
477.56,-0.41,
477.762,-0.14,
477.963,0.49,
478.165,0.34,
478.366,-0.1,
478.568,-0.72,
478.769,-0.27,
478.97,0.26,
479.172,0.36,
479.373,-0.7,
479.575,1.14,
479.776,-0.37,
479.977,-0.12,
480.179,-0.08,
480.38,-0.35,
480.581,-0.8,
480.782,-0.7,
480.984,-0.13,
481.185,0.19,
481.386,0.29,
481.587,0.36,
481.788,-0.41,
481.99,-0.03,
482.191,0.03,
482.392,-0.76,
482.593,-0.12,
482.794,0.38,
482.995,-0.38,
483.196,-0.1,
483.397,-0.13,
483.599,-0.01,
483.8,-0.8,
484.001,0.28,
484.202,-0.52,
484.403,-0.33,
484.604,-0.47,
484.805,0.08,
485.006,0.02,
485.206,0.02,
485.407,-0.37,
485.608,-0.15,
485.809,-0.69,
486.01,-0.24,
486.211,-0.97,
486.412,-0.04,
486.613,0.21,
486.813,0.49,
487.014,-0.75,
487.215,-0.22,
487.416,-0.34,
487.617,-0.51,
487.817,-0.25,
488.018,0.48,
488.219,0.08,
488.42,-0.07,
488.62,-0.1,
488.821,-0.28,
489.022,-0.14,
489.222,0.15,
489.423,-0.01,
489.623,-0.71,
489.824,-0.93,
490.025,0.17,
490.225,-0.93,
490.426,-0.04,
490.626,0.83,
490.827,0.28,
491.027,0.02,
491.228,0.82,
491.428,-0.25,
491.629,-0.84,
491.829,-0.52,
492.03,-1.18,
492.23,-0.01,
492.431,-0.4,
492.631,0.71,
492.831,0.05,
493.032,0.09,
493.232,-0.28,
493.432,-0.24,
493.633,-0.02,
493.833,-0.69,
494.033,0.94,
494.233,-0.08,
494.434,-0.15,
494.634,-0.12,
494.834,0.1,
495.034,0.05,
495.235,-0.99,
495.435,0.56,
495.635,-0.27,
495.835,-0.04,
496.035,-0.09,
496.235,-0.13,
496.436,0.44,
496.636,0.29,
496.836,0.42,
497.036,-0.93,
497.236,0.28,
497.436,-0.56,
497.636,-0.24,
497.836,0.2,
498.036,-0.09,
498.236,-0.31,
498.436,0.43,
498.636,-0.16,
498.836,0.02,
499.036,0.09,
499.235,-0.38,
499.435,-0.08,
499.635,-0.19,
499.835,-0.25,
500.035,-0.23,
500.235,0.35,
500.435,-0.58,
500.634,-0.54,
500.834,-0.13,
501.034,-0.33,
501.234,-0.36,
501.433,-0.51,
501.633,0.02,
501.833,0.47,
502.032,-0.17,
502.232,0.36,
502.432,-0.08,
502.631,0.26,
502.831,0.62,
503.031,-0.6,
503.23,-0.34,
503.43,0.36,
503.629,0.23,
503.829,-0.42,
504.029,0.12,
504.228,-0.33,
504.428,-0.35,
504.627,0.36,
504.827,-0.04,
505.026,-0.23,
505.225,0.22,
505.425,-0.53,
505.624,0.6,
505.824,-0.5,
506.023,-0.02,
506.222,-0.88,
506.422,0.29,
506.621,0.03,
506.82,0.17,
507.02,-0.04,
507.219,-0.13,
507.418,0.08,
507.618,0.36,
507.817,-1,
508.016,-0.25,
508.215,0.44,
508.415,0.18,
508.614,0.13,
508.813,-0.91,
509.012,0.17,
509.211,-0.07,
509.41,-0.59,
509.61,0.37,
509.809,-0.45,
510.008,0.27,
510.207,0.15,
510.406,-0.63,
510.605,-0.22,
510.804,-0.09,
511.003,-0.21,
511.202,-0.56,
511.401,0.22,
511.6,-1.58,
511.799,0.29,
511.998,-0.04,
512.197,-0.19,
512.396,-0.17,
512.594,-0.26,
512.793,-0.03,
512.992,0.12,
513.191,-0.16,
513.39,-0.25,
513.589,-0.53,
513.787,-0.48,
513.986,0.28,
514.185,-0.19,
514.384,-0.15,
514.583,0.16,
514.781,0.59,
514.98,0.28,
515.179,-0.15,
515.377,-0.06,
515.576,-0.5,
515.775,-0.23,
515.973,-0.37,
516.172,-0.48,
516.37,-0.39,
516.569,-0.17,
516.768,0.47,
516.966,-0.32,
517.165,-0.64,
517.363,-0.81,
517.562,-0.17,
517.76,0.2,
517.959,-0.56,
518.157,-1.17,
518.356,-0.38,
518.554,0.32,
518.753,-0.79,
518.951,-0.05,
519.149,-0.15,
519.348,-0.13,
519.546,-0.07,
519.744,-0.37,
519.943,-0.07,
520.141,0.09,
520.339,-0.4,
520.538,-0.31,
520.736,-0.53,
520.934,0.17,
521.132,-0.05,
521.331,0.08,
521.529,-0.31,
521.727,-0.56,
521.925,-0.05,
522.123,0.22,
522.322,0.32,
522.52,-0.17,
522.718,-0.69,
522.916,-0.58,
523.114,0.59,
523.312,-0.08,
523.51,0.03,
523.708,-0.65,
523.906,-0.05,
524.104,-0.09,
524.302,0.47,
524.5,-0.32,
524.698,-0.56,
524.896,0.07,
525.094,-0.08,
525.292,-0.32,
525.49,0.1,
525.688,-0.34,
525.886,-0.53,
526.083,0.45,
526.281,0.07,
526.479,-0.46,
526.677,0.03,
526.875,-0.05,
527.072,-0.18,
527.27,-0.05,
527.468,0.3,
527.666,0.03,
527.863,-0.12,
528.061,-0.05,
528.259,-0.06,
528.456,0.25,
528.654,0.13,
528.852,0.38,
529.049,0.54,
529.247,-0.28,
529.445,-0.12,
529.642,-0.11,
529.84,0.32,
530.037,0.22,
530.235,-0.13,
530.432,-0.19,
530.63,0.51,
530.827,-0.07,
531.025,-0.23,
531.222,-0.34,
531.42,-0.18,
531.617,-0.87,
531.815,0.16,
532.012,-0.3,
532.209,-0.58,
532.407,-0.44,
532.604,-0.06,
532.801,0.07,
532.999,-0.13,
533.196,0.19,
533.393,-0.44,
533.591,0.56,
533.788,-0.01,
533.985,0.02,
534.182,0.39,
534.38,-0.02,
534.577,-0.5,
534.774,0.14,
534.971,-0.43,
535.168,0.28,
535.365,-0.2,
535.562,-0.69,
535.76,0.06,
535.957,-0.15,
536.154,0.07,
536.351,0,
536.548,-0.24,
536.745,-0.49,
536.942,-0.29,
537.139,-0.26,
537.336,0.1,
537.533,-0.74,
537.73,0.21,
537.927,-0.32,
538.124,-0.35,
538.321,0.29,
538.517,-0.43,
538.714,0.13,
538.911,-0.12,
539.108,-0.27,
539.305,-0.37,
539.502,-0.04,
539.698,-0.96,
539.895,-0.4,
540.092,-0.54,
540.289,-0.34,
540.485,0.11,
540.682,-0.21,
540.879,-0.45,
541.076,-0.09,
541.272,-0.1,
541.469,-0.21,
541.666,-0.55,
541.862,0.19,
542.059,0.03,
542.255,-0.1,
542.452,0.05,
542.649,0.38,
542.845,0.34,
543.042,0.28,
543.238,-0.44,
543.435,0.04,
543.631,-0.14,
543.828,-0.5,
544.024,-0.38,
544.22,-0.78,
544.417,-0.3,
544.613,0.2,
544.81,0.03,
545.006,0.11,
545.202,-0.45,
545.399,-0.65,
545.595,-0.26,
545.791,-0.55,
545.988,0.22,
546.184,0.36,
546.38,-0.16,
546.577,-0.12,
546.773,-0.34,
546.969,-0.22,
547.165,0.11,
547.361,-0.42,
547.558,-0.11,
547.754,0.33,
547.95,-0.69,
548.146,-0.92,
548.342,-0.47,
548.538,0.07,
548.734,-1.01,
548.93,-0.08,
549.126,-0.31,
549.322,-0.57,
549.518,-0.46,
549.714,0,
549.91,-0.28,
550.106,0.06,
550.302,-0.79,
550.498,-0.15,
550.694,-0.26,
550.89,-0.64,
551.086,-0.3,
551.282,0.08,
551.478,-0.29,
551.674,-0.27,
551.87,0.05,
552.065,-0.42,
552.261,-0.48,
552.457,-0.08,
552.653,-0.93,
552.848,0.1,
553.044,-0.66,
553.24,-0.57,
553.436,0.12,
553.631,-0.73,
553.827,0.1,
554.023,0.22,
554.218,-0.61,
554.414,-0.05,
554.61,0.01,
554.805,-0.56,
555.001,-0.13,
555.196,-0.2,
555.392,-0.38,
555.587,0.23,
555.783,-0.05,
555.978,-0.19,
556.174,-0.21,
556.369,-0.21,
556.565,0.36,
556.76,-0.26,
556.956,-0.05,
557.151,0.08,
557.347,-0.14,
557.542,0.05,
557.737,-0.34,
557.933,0.01,
558.128,-0.09,
558.323,-0.23,
558.519,-0.6,
558.714,-0.23,
558.909,0.1,
559.104,0.29,
559.3,0.4,
559.495,-0.09,
559.69,-0.13,
559.885,-0.98,
560.08,-0.87,
560.276,0.3,
560.471,-0.65,
560.666,-0.05,
560.861,-0.66,
561.056,-0.13,
561.251,-0.26,
561.446,-0.18,
561.641,0.33,
561.836,0.24,
562.031,0,
562.226,-0.24,
562.421,-0.33,
562.616,-1.02,
562.811,-0.8,
563.006,-0.22,
563.201,-0.3,
563.396,0.43,
563.591,-0.27,
563.786,0.13,
563.981,0.36,
564.176,-0.63,
564.37,0.37,
564.565,-0.01,
564.76,0.17,
564.955,0.3,
565.15,0.32,
565.344,0.26,
565.539,-0.27,
565.734,0.09,
565.928,-0.44,
566.123,-0.05,
566.318,-0.56,
566.512,0.47,
566.707,0.18,
566.902,-0.3,
567.096,-0.82,
567.291,-0.16,
567.486,0.18,
567.68,-0.77,
567.875,-0.19,
568.069,0.06,
568.264,0.22,
568.458,0.18,
568.653,-0.81,
568.847,0.18,
569.042,0.1,
569.236,-0.34,
569.43,0.44,
569.625,0.26,
569.819,0.1,
570.014,-0.55,
570.208,0.29,
570.402,0.11,
570.597,-0.18,
570.791,-0.13,
570.985,-0.18,
571.18,-0.14,
571.374,-0.08,
571.568,0.04,
571.762,0.12,
571.957,-0.03,
572.151,-0.17,
572.345,-0.03,
572.539,-0.33,
572.733,-0.07,
572.927,0.34,
573.121,-0.64,
573.316,-0.63,
573.51,-0.01,
573.704,-0.16,
573.898,-0.19,
574.092,0.12,
574.286,0.14,
574.48,1.08,
574.674,0.27,
574.868,0.47,
575.062,-0.59,
575.256,0.15,
575.45,-0.01,
575.644,-0.05,
575.838,0.36,
576.031,-0.03,
576.225,-0.24,
576.419,-0.08,
576.613,-0.04,
576.807,0.29,
577.001,-0.57,
577.194,-0.26,
577.388,-0.52,
577.582,-0.48,
577.776,-0.48,
577.969,-0.26,
578.163,0.11,
578.357,0.33,
578.55,-0.98,
578.744,-0.73,
578.938,-0.01,
579.131,0.06,
579.325,-0.74,
579.519,-0.57,
579.712,-0.13,
579.906,-0.89,
580.099,-0.94,
580.293,0.01,
580.486,0.45,
580.68,-0.32,
580.873,-0.27,
581.067,-1.21,
581.26,0.31,
581.454,0.26,
581.647,-0.3,
581.841,-0.53,
582.034,-0.52,
582.227,0.64,
582.421,0.22,
582.614,0.1,
582.807,-0.1,
583.001,-1.12,
583.194,0.09,
583.387,-0.52,
583.58,0.35,
583.774,-0.68,
583.967,-0.1,
584.16,0.05,
584.353,0.15,
584.547,0.24,
584.74,-0.14,
584.933,-0.85,
585.126,-0.69,
585.319,-0.24,
585.512,-0.7,
585.705,0.12,
585.898,0.2,
586.091,0.06,
586.284,-0.4,
586.477,-0.03,
586.67,-0.27,
586.863,-0.09,
587.056,0.38,
587.249,-0.04,
587.442,-0.05,
587.635,-0.56,
587.828,-1.24,
588.021,0.1,
588.214,-0.82,
588.407,-0.19,
588.6,-1.02,
588.792,0.77,
588.985,-1.16,
589.178,0.03,
589.371,-0.31,
589.564,0.34,
589.756,0.04,
589.949,-1.12,
590.142,-0.51,
590.335,1.11,
590.527,-0.32,
590.72,-0.66,
590.913,-0.72,
591.105,-0.61,
591.298,-0.55,
591.49,-0.24,
591.683,-0.23,
591.876,-0.11,
592.068,-1.13,
592.261,0.04,
592.453,0.15,
592.646,-0.15,
592.838,0.82,
593.031,-1.12,
593.223,-0.87,
593.416,-0.3,
593.608,0.62,
593.8,-0.59,
593.993,-0.65,
594.185,-0.17,
594.378,-0.69,
594.57,-0.31,
594.762,-0.53,
594.955,-0.11,
595.147,0.06,
595.339,-0.6,
595.531,-0.33,
595.724,-0.32,
595.916,-0.12,
596.108,0.02,
596.3,-0.33,
596.493,-0.62,
596.685,-0.63,
596.877,-0.39,
597.069,-0.17,
597.261,-0.75,
597.453,-0.13,
597.645,-0.99,
597.837,-0.06,
598.029,-0.34,
598.221,0.1,
598.414,-0.33,
598.606,0.15,
598.798,-0.47,
598.99,0.03,
599.181,-0.1,
599.373,0.22,
599.565,-0.15,
599.757,-0.53,
599.949,-0.08,
600.141,-1.02,
600.333,-0.7,
600.525,-0.01,
600.717,0.08,
600.908,0.1,
601.1,-0.5,
601.292,-0.27,
601.484,-0.29,
601.676,-0.27,
601.867,-0.18,
602.059,-0.14,
602.251,-0.8,
602.442,0.04,
602.634,0.06,
602.826,-0.21,
603.017,0.21,
603.209,-0.27,
603.401,0.27,
603.592,0.25,
603.784,-0.18,
603.975,-0.41,
604.167,-1.63,
604.358,-1.22,
604.55,0.14,
604.741,0.13,
604.933,-0.52,
605.124,-0.36,
605.316,0.02,
605.507,0.1,
605.699,0.57,
605.89,-0.64,
606.081,-0.32,
606.273,-0.84,
606.464,-0.25,
606.655,0.21,
606.847,0.41,
607.038,-0.42,
607.229,0.16,
607.421,-0.9,
607.612,-0.38,
607.803,-0.18,
607.994,-0.34,
608.185,-0.34,
608.377,-0.22,
608.568,0.29,
608.759,0.04,
608.95,0.22,
609.141,-1.74,
609.332,-0.89,
609.523,0.21,
609.714,-0.32,
609.905,0.04,
610.097,0.78,
610.288,-0.81,
610.479,0.14,
610.67,0.16,
610.861,-0.05,
611.051,0,
611.242,0.76,
611.433,0.55,
611.624,-0.55,
611.815,0.31,
612.006,-0.11,
612.197,0.28,
612.388,0.04,
612.579,-0.08,
612.769,-0.75,
612.96,-0.52,
613.151,-0.16,
613.342,-0.86,
613.532,-1.08,
613.723,-1.2,
613.914,-0.44,
614.105,-0.21,
614.295,0.78,
614.486,-1.16,
614.677,0.34,
614.867,-0.76,
615.058,-0.74,
615.248,0.93,
615.439,-0.83,
615.63,-0.58,
615.82,-0.13,
616.011,-0.47,
616.201,-0.82,
616.392,-0.32,
616.582,0.47,
616.773,-1,
616.963,-0.62,
617.153,-0.43,
617.344,-1.05,
617.534,-0.51,
617.725,-0.31,
617.915,0.75,
618.105,-0.58,
618.296,-0.92,
618.486,-1.35,
618.676,-0.16,
618.867,-0.5,
619.057,-1.36,
619.247,-0.69,
619.437,-0.24,
619.628,0.06,
619.818,-0.61,
620.008,0.04,
620.198,-0.93,
620.388,-0.6,
620.578,0.09,
620.769,-0.73,
620.959,-0.67,
621.149,0.01,
621.339,-0.32,
621.529,0.35,
621.719,0.24,
621.909,-0.05,
622.099,0.66,
622.289,-0.09,
622.479,-0.62,
622.669,-0.49,
622.859,0.47,
623.049,-1.14,
623.239,-0.45,
623.429,-0.03,
623.618,-0.93,
623.808,-0.95,
623.998,0.41,
624.188,0.36,
624.378,0.08,
624.568,-0.13,
624.757,0.55,
624.947,0.42,
625.137,0.07,
625.327,-0.99,
625.516,-0.48,
625.706,-0.82,
625.896,0.76,
626.085,0.51,
626.275,-1.91,
626.465,-0.46,
626.654,-0.31,
626.844,-0.71,
627.033,-0.2,
627.223,0.46,
627.412,0.25,
627.602,-0.02,
627.792,-0.48,
627.981,-0.46,
628.17,0.38,
628.36,-0.95,
628.549,-0.29,
628.739,-0.56,
628.928,-0.08,
629.118,-0.29,
629.307,0.24,
629.496,0.39,
629.686,-0.15,
629.875,-0.58,
630.064,-0.93,
630.254,-0.77,
630.443,-0.49,
630.632,1.19,
630.821,-0.43,
631.011,-0.56,
631.2,-0.59,
631.389,-0.2,
631.578,-0.8,
631.767,-0.65,
631.957,0,
632.146,0.07,
632.335,0.41,
632.524,-0.41,
632.713,-1.11,
632.902,0.49,
633.091,-1.35,
633.28,0.5,
633.469,-0.78,
633.658,0.77,
633.847,-0.94,
634.036,-0.71,
634.225,0.49,
634.414,-0.72,
634.603,0.12,
634.792,-0.26,
634.981,-0.23,
635.17,0.58,
635.358,-0.71,
635.547,-1.02,
635.736,-0.37,
635.925,0.52,
636.114,-0.76,
636.302,-0.07,
636.491,0.09,
636.68,-0.94,
636.869,0.74,
637.057,1.36,
637.246,-0.35,
637.435,-0.06,
637.623,-0.69,
637.812,-0.1,
638.001,-0.45,
638.189,-0.35,
638.378,0.35,
638.566,-0.24,
638.755,-0.39,
638.943,-1.01,
639.132,0.04,
639.321,-1.13,
639.509,-1.04,
639.697,0.05,
639.886,0.94,
640.074,-0.53,
640.263,-0.69,
640.451,-0.35,
640.64,-1.24,
640.828,-0.15,
641.016,-1.14,
641.205,-0.38,
641.393,-0.07,
641.581,-0.15,
641.77,-0.01,
641.958,-1.04,
642.146,-0.5,
642.334,-0.2,
642.523,0.15,
642.711,-0.23,
642.899,-0.69,
643.087,-0.89,
643.275,-0.97,
643.463,0.65,
643.651,0.32,
643.84,-0.27,
644.028,0.61,
644.216,-0.15,
644.404,-0.87,
644.592,1.26,
644.78,-0.94,
644.968,-0.17,
645.156,0.43,
645.344,-0.16,
645.532,0.51,
645.72,0.12,
645.908,0.33,
646.096,0.04,
646.283,0.25,
646.471,0.16,
646.659,-0.52,
646.847,0.24,
647.035,0.61,
647.223,-0.65,
647.41,-1.25,
647.598,-0.07,
647.786,0.53,
647.974,0.55,
648.161,0.31,
648.349,0.32,
648.537,0.73,
648.724,-0.64,
648.912,-1.24,
649.1,-0.63,
649.287,0.1,
649.475,-0.7,
649.662,0.73,
649.85,-0.49,
650.038,-0.73,
650.225,0.75,
650.413,-0.04,
650.6,-0.2,
650.788,0.38,
650.975,0.22,
651.163,-0.41,
651.35,-0.09,
651.537,-0.06,
651.725,-0.13,
651.912,0.22,
652.1,-0.07,
652.287,0.78,
652.474,-0.41,
652.662,-0.26,
652.849,-0.48,
653.036,-0.21,
653.223,-0.43,
653.411,-1.52,
653.598,0.07,
653.785,-0.97,
653.972,-0.03,
654.159,-0.01,
654.347,0.17,
654.534,-0.89,
654.721,-0.88,
654.908,-0.79,
655.095,0.36,
655.282,-0.29,
655.469,0.53,
655.656,0.47,
655.843,-0.38,
656.03,-0.15,
656.217,-0.75,
656.404,-1.17,
656.591,-0.23,
656.778,-0.99,
656.965,0.58,
657.152,-1.11,
657.339,0.59,
657.526,-0.35,
657.713,-0.78,
657.9,-0.44,
658.086,0.29,
658.273,0.02,
658.46,-0.54,
658.647,-0.43,
658.833,0.22,
659.02,0.34,
659.207,0.21,
659.394,0.03,
659.58,0.09,
659.767,-0.65,
659.954,0.64,
660.14,-0.05,
660.327,-0.43,
660.514,-0.71,
660.7,-0.29,
660.887,0.41,
661.073,0.04,
661.26,-0.39,
661.446,0.46,
661.633,-0.27,
661.819,-1.06,
662.006,0.12,
662.192,-0.95,
662.379,0.26,
662.565,-0.1,
662.752,-0.14,
662.938,0.17,
663.124,-0.12,
663.311,-0.24,
663.497,0.3,
663.683,-0.95,
663.87,-0.04,
664.056,0.02,
664.242,-1.78,
664.428,0.04,
664.615,0.41,
664.801,-0.93,
664.987,-0.28,
665.173,-0.23,
665.359,-1.5,
665.546,-1.28,
665.732,-0.22,
665.918,-0.89,
666.104,0.07,
666.29,0.13,
666.476,0.16,
666.662,-1.36,
666.848,0.24,
667.034,-1.36,
667.22,-2.8,
667.406,-0.23,
667.592,-0.6,
667.778,0.5,
667.964,0.68,
668.15,-0.84,
668.336,-1.26,
668.522,-0.13,
668.708,0.16,
668.893,-1.04,
669.079,-0.01,
669.265,-1.4,
669.451,-0.15,
669.637,-0.08,
669.822,-0.76,
670.008,-0.03,
670.194,-0.64,
670.38,-0.03,
670.565,-0.19,
670.751,-0.44,
670.937,-0.85,
671.122,-0.56,
671.308,0.48,
671.493,-0.49,
671.679,0.44,
671.865,0.4,
672.05,-0.8,
672.236,-0.28,
672.421,-0.78,
672.607,-0.48,
672.792,0.02,
672.978,-0.4,
673.163,0.17,
673.349,0.05,
673.534,-0.26,
673.719,0.7,
673.905,-1.17,
674.09,-0.89,
674.275,-2.12,
674.461,-0.29,
674.646,-1.36,
674.831,-0.34,
675.017,-0.24,
675.202,0.69,
675.387,-0.57,
675.572,-0.6,
675.758,-0.36,
675.943,-0.64,
676.128,-0.57,
676.313,1.33,
676.498,-1.45,
676.683,-0.38,
676.869,0,
677.054,-0.35,
677.239,0.37,
677.424,-1.02,
677.609,-0.01,
677.794,-0.59,
677.979,-0.75,
678.164,-0.42,
678.349,-1.22,
678.534,-1.87,
678.719,-0.23,
678.904,-1.38,
679.089,0.14,
679.273,0.24,
679.458,-0.78,
679.643,-0.6,
679.828,0.16,
680.013,-1.06,
680.198,0.18,
680.382,0.07,
680.567,0.23,
680.752,-0.73,
680.937,-1,
681.121,1.21,
681.306,0.67,
681.491,0.21,
681.675,-0.51,
681.86,0.01,
682.045,-1.03,
682.229,-0.85,
682.414,0.06,
682.599,1.4,
682.783,-0.08,
682.968,-1.3,
683.152,0.48,
683.337,0.51,
683.521,-0.44,
683.706,-0.81,
683.89,0.3,
684.075,-0.62,
684.259,0.92,
684.443,-1.44,
684.628,-1.25,
684.812,-0.62,
684.997,0.1,
685.181,-1.93,
685.365,-0.58,
685.549,0.58,
685.734,-0.05,
685.918,-1.19,
686.102,-0.31,
686.287,-1.31,
686.471,-1.02,
686.655,-0.27,
686.839,-0.62,
687.023,0.92,
687.207,-1.35,
687.392,0.57,
687.576,-0.73,
687.76,-1.04,
687.944,-0.42,
688.128,-0.23,
688.312,-1.55,
688.496,-0.41,
688.68,-0.75,
688.864,0.69,
689.048,-0.75,
689.232,-0.2,
689.416,-1.8,
689.6,-2.36,
689.784,-0.6,
689.968,-0.63,
690.152,-0.07,
690.335,-0.3,
690.519,-1.59,
690.703,0.36,
690.887,-1.13,
691.071,0.65,
691.254,-1.02,
691.438,-1.39,
691.622,0.03,
691.806,-0.07,
691.989,0.57,
692.173,-1,
692.357,-0.6,
692.54,-0.14,
692.724,0.02,
692.908,-0.52,
693.091,0.53,
693.275,-0.73,
693.458,0.54,
693.642,-0.73,
693.825,-0.26,
694.009,-0.86,
694.192,0.45,
694.376,-1.89,
694.559,-0.68,
694.743,-0.45,
694.926,0.76,
695.11,0.15,
695.293,-0.58,
695.476,0.03,
695.66,-0.14,
695.843,-1.78,
696.026,-0.01,
696.21,-1.23,
696.393,-0.63,
696.576,-1.65,
696.759,-0.15,
696.943,-0.74,
697.126,0.84,
697.309,-1.28,
697.492,0.88,
697.675,-0.96,
697.859,0.44,
698.042,-0.34,
698.225,-1.01,
698.408,0.06,
698.591,-1.89,
698.774,0.11,
698.957,0.29,
699.14,-1.83,
699.323,-1.08,
699.506,-0.87,
699.689,0.56,
699.872,-0.36,
700.055,-0.62,
700.238,-1.18,
700.421,0.16,
700.604,-0.39,
700.787,0.89,
700.969,0.93,
701.152,0.64,
701.335,0.14,
701.518,-1.07,
701.701,0.24,
701.883,-0.35,
702.066,-0.6,
702.249,-0.18,
702.432,-1.26,
702.614,0.13,
702.797,-0.43,
702.98,-0.18,
703.162,-0.39,
703.345,-0.89,
703.528,-0.26,
703.71,-2.77,
703.893,-0.81,
704.075,-0.73,
704.258,-2.08,
704.44,-0.69,
704.623,-2.5,
704.805,-0.23,
704.988,-0.37,
705.17,-1.37,
705.353,-1.02,
705.535,-1.09,
705.717,-0.74,
705.9,-1.02,
706.082,-0.74,
706.265,-0.3,
706.447,0.82,
706.629,-0.19,
706.811,-0.22,
706.994,0.95,
707.176,-1.14,
707.358,0.36,
707.54,-0.32,
707.723,-0.94,
707.905,-0.76,
708.087,-1.34,
708.269,-0.18,
708.451,0.93,
708.633,-1.42,
708.816,-0.04,
708.998,0.06,
709.18,-0.12,
709.362,-0.63,
709.544,0.11,
709.726,-0.39,
709.908,1.4,
710.09,-0.93,
710.272,-0.09,
710.454,0.1,
710.636,0.21,
710.818,-1.58,
710.999,-1.26,
711.181,0.11,
711.363,-0.3,
711.545,-1.61,
711.727,0.23,
711.909,0.54,
712.09,0.02,
712.272,-2.46,
712.454,-0.98,
712.636,0.73,
712.817,1.31,
712.999,-0.47,
713.181,0.41,
713.362,-0.16,
713.544,-1.86,
713.726,-0.96,
713.907,0.7,
714.089,-1.55,
714.27,0.67,
714.452,-1.84,
714.634,-1.2,
714.815,-0.24,
714.997,0.1,
715.178,-2.35,
715.36,-1.79,
715.541,-0.03,
715.722,-0.15,
715.904,-0.08,
716.085,-1.25,
716.267,0.34,
716.448,0.49,
716.629,-1.08,
716.811,-0.18,
716.992,2.07,
717.173,0.55,
717.355,-0.22,
717.536,-0.37,
717.717,-0.75,
717.898,0.5,
718.079,-1.1,
718.261,1.21,
718.442,-1.05,
718.623,0,
718.804,0.18,
718.985,0.11,
719.166,-2.78,
719.347,0.27,
719.528,-0.98,
719.709,-0.12,
719.891,1.16,
720.072,-3.11,
720.253,-0.73,
720.434,-3.01,
720.614,0.52,
720.795,-1.92,
720.976,-2.51,
721.157,-1.52,
721.338,0.15,
721.519,-1.53,
721.7,-1.17,
721.881,0.96,
722.061,1.44,
722.242,0.63,
722.423,-0.63,
722.604,-0.59,
722.785,0.6,
722.965,-0.09,
723.146,0.13,
723.327,0.06,
723.507,0.79,
723.688,0.15,
723.869,-1.36,
724.049,-0.59,
724.23,0.8,
724.41,-0.24,
724.591,0.04,
724.772,-0.38,
724.952,-0.78,
725.133,1.94,
725.313,-0.86,
725.494,-2.72,
725.674,-2.09,
725.855,-0.93,
726.035,-1.75,
726.215,-2.14,
726.396,-0.35,
726.576,-1.29,
726.757,-0.19,
726.937,-0.61,
727.117,-0.45,
727.297,1.01,
727.478,-1.2,
727.658,-1.84,
727.838,1.53,
728.019,-0.14,
728.199,1.56,
728.379,-1.1,
728.559,-0.94,
728.739,-0.92,
728.919,0.12,
729.1,-2.07,
729.28,-0.7,
729.46,0.49,
729.64,0.02,
729.82,0.06,
730,-0.67,
730.18,0.53,
730.36,-0.53,
730.54,1.15,
730.72,-0.08,
730.9,-0.22,
731.08,-2.37,
731.26,-0.76,
731.44,-0.49,
731.619,1.34,
731.799,0.92,
731.979,-1.96,
732.159,0.19,
732.339,1.56,
732.519,-2.19,
732.698,-0.76,
732.878,-0.91,
733.058,0.47,
733.238,0.02,
733.417,0.13,
733.597,-1.66,
733.777,-0.51,
733.956,0.24,
734.136,-1.35,
734.315,0.5,
734.495,1.45,
734.675,0.22,
734.854,0.46,
735.034,-2.59,
735.213,-0.81,
735.393,2.09,
735.572,-0.72,
735.752,-3.06,
735.931,1.82,
736.111,0.25,
736.29,0.4,
736.469,-1.29,
736.649,-0.47,
736.828,-4.54,
737.007,-1.57,
737.187,2.14,
737.366,-0.7,
737.545,-1.81,
737.725,-1.29,
737.904,-1.11,
738.083,-1.16,
738.262,-1.71,
738.442,0.55,
738.621,-1.08,
738.8,-1.1,
738.979,-0.6,
739.158,-0.39,
739.337,-0.04,
739.516,0.19,
739.695,0,
739.874,-0.77,
740.054,1.23,
740.233,2.25,
740.412,3.04,
740.591,-1.23,
740.77,-0.02,
740.948,1.44,
741.127,-1.01,
741.306,-2.42,
741.485,-0.04,
741.664,-3.22,
741.843,-1.91,
742.022,0.23,
742.201,-1.88,
742.379,-0.42,
742.558,-2.29,
742.737,0.28,
742.916,-0.65,
743.094,-1.92,
743.273,-0.76,
743.452,1.69,
743.631,2.48,
743.809,-1.1,
743.988,-2.36,
744.166,-0.8,
744.345,2.1,
744.524,-0.1,
744.702,0.42,
744.881,-1.25,
745.059,1.84,
745.238,0.82,
745.416,-2.36,
745.595,-2.58,
745.773,-4.06,
745.952,-1.35,
746.13,2.55,
746.309,-0.08,
746.487,-1.35,
746.665,-7.85,
746.844,-1.68,
747.022,-0.96,
747.2,-1.52,
747.379,-1.6,
747.557,0.41,
747.735,0.35,
747.913,1.45,
748.092,-5.05,
748.27,0.81,
748.448,-0.43,
748.626,-3.95,
748.804,2.18,
748.983,0.92,
749.161,1.91,
749.339,-2.52,
749.517,-2.25,
749.695,-0.61,
749.873,0.94,
750.051,-4.02,
750.229,-1.42,
750.407,1.13,
750.585,-0.77,
750.763,0.33,
750.941,-1.73,
751.119,1.98,
751.297,-2.69,
751.475,0.14,
751.653,1.76,
751.83,-1.54,
752.008,-0.45,
752.186,0.99,
752.364,-1.32,
752.542,-3.67,
752.719,-0.81,
752.897,3.33,
753.075,-0.63,
753.253,-1.18,
753.43,0.06,
753.608,1.32,
753.786,-3.33,
753.963,1.11,
754.141,-0.05,
754.318,2.07,
754.496,-1.43,
754.674,-1.9,
754.851,-0.13,
755.029,-2.37,
755.206,0.39,
755.384,0,
755.561,0.11,
755.739,1.43,
755.916,0.94,
756.093,0.39,
756.271,1.04,
756.448,-0.62,
756.626,0.21,
756.803,-0.82,
756.98,-2.3,
757.157,-4.03,
757.335,1.35,
757.512,-1.5,
757.689,-3.36,
757.867,-0.72,
758.044,0.21,
758.221,-2.17,
758.398,-4.78,
758.575,2.41,
758.752,0.21,
758.93,0.11,
759.107,-1.5,
759.284,-0.49,
759.461,2,
759.638,-0.98,
759.815,1.46,
759.992,-1.37,
760.169,-3.87,
760.346,-1.35,
760.523,-0.44,
760.7,-1.46,
760.877,-0.07,
761.054,-2.92,
761.231,1.57,
761.407,-1.07,
761.584,-0.36,
761.761,-1.57,
761.938,1,
762.115,0.27,
762.292,0.03,
762.468,-1.66,
762.645,-2.21,
762.822,1.56,
762.998,1.09,
763.175,-0.82,
763.352,0.67,
763.529,-2.55,
763.705,-0.29,
763.882,0.48,
764.058,-0.66,
764.235,-2.24,
764.412,-0.1,
764.588,-0.29,
764.765,-0.29,
764.941,-2.24,
765.118,-1.84,
765.294,3.64,
765.471,0.17,
765.647,-0.54,
765.823,-0.68,
766,-0.1,
766.176,1.02,
766.353,0.58,
766.529,-0.38,
766.705,-0.33,
766.881,-0.82,
767.058,1.64,
767.234,0.17,
767.41,0.25,
767.587,-2.78,
767.763,-1.92,
767.939,-1.7,
768.115,-2.21,
768.291,-0.73,
768.467,-0.28,
768.644,-1.89,
768.82,-0.87,
768.996,0.09,
769.172,-1.39,
769.348,-3.23,
769.524,-0.91,
769.7,0.95,
769.876,0.06,
770.052,-2.85,
770.228,0.24,
770.404,-0.4,
770.58,-1.19,
770.756,-0.32,
770.932,-1.72,
771.107,-3.46,
771.283,-0.91,
771.459,0.92,
771.635,-1.5,
771.811,-2.78,
771.986,-0.44,
772.162,-1.63,
772.338,-0.08,
772.514,0.42,
772.689,-0.87,
772.865,2.57,
773.041,-3.08,
773.216,-2.48,
773.392,-3.01,
773.568,1.1,
773.743,-2.17,
773.919,-3.34,
774.094,-2.73,
774.27,1.24,
774.445,-1.11,
774.621,-0.15,
774.796,1.47,
774.972,0.6,
775.147,1.89,
775.323,-0.81,
775.498,-2.87,
775.674,1.24,
775.849,-1.65,
776.024,2.56,
776.2,-1.82,
776.375,1.45,
776.55,-1.28,
776.726,-0.32,
776.901,0.91,
777.076,0.95,
777.251,-1.36,
777.427,-3.19,
777.602,-0.16,
777.777,-3.74,
777.952,0.7,
778.127,-0.49,
778.302,-1.02,
778.477,0.01,
778.652,-5.88,
778.828,-2.1,
779.003,-2.17,
779.178,-1.44,
779.353,-2.89,
779.528,-6.92,
779.703,-8.06,
779.878,-1.59,
780.052,-2.79,
780.227,0.93,
780.402,2.34,
780.577,1.9,
780.752,-0.03,
780.927,-3.36,
781.102,-1.39,
781.276,-6.07,
781.451,-4.69,
781.626,-2.39,
781.801,-1.65,
781.975,0.78,
782.15,-0.6,
782.325,-1.81,
782.5,-2.71,
782.674,1.23,
782.849,1.7,
783.023,0.22,
783.198,-3.22,
783.373,-3.56,
783.547,-1.56,
783.722,1.43,
783.896,-2.53,
784.071,0.85,
784.245,-1.22,
784.42,-4.19,
784.594,1.05,
784.769,-0.26,
784.943,1.47,
785.117,-0.26,
785.292,3.97,
785.466,-0.3,
785.641,0.27,
785.815,-1.21,
785.989,-1.94,
786.163,1.16,
786.338,-1.15,
786.512,-0.96,
786.686,1.86,
786.86,-2.25,
787.035,-1.75,
787.209,-0.81,
787.383,-0.97,
787.557,-3.85,
787.731,-2.56,
787.905,-3.32,
788.079,-1.98,
788.253,-1.43,
788.428,1.88,
788.602,-3.84,
788.776,0.09,
788.95,2.46,
789.124,-2.17,
789.297,-1.9,
789.471,-3.24,
789.645,3.96,
789.819,-1.67,
789.993,0.13,
790.167,-0.9,
790.341,-1.56,
790.515,1.75,
790.688,-1.16,
790.862,0.59,
791.036,-1.96,
791.21,-1.04,
791.383,3.01,
791.557,-2.54,
791.731,1.41,
791.905,-0.85,
792.078,-5.71,
792.252,-0.98,
792.425,-2.16,
792.599,-2.86,
792.773,2.45,
792.946,-0.26,
793.12,-1.88,
793.293,-3.2,
793.467,0.05,
793.64,0.54,
793.814,-2.25,
793.987,-4.93,
794.161,-1.37,
794.334,-5.13,
794.507,3.15,
794.681,-1.61,
794.854,2.13,
795.028,-1.67,
795.201,-0.22,
795.374,4.43,
795.547,1.2,
795.721,0.33,
795.894,-3.54,
796.067,-3.59,
796.24,0.66,
796.414,-1.15,
796.587,-1.35,
796.76,-0.93,
796.933,-0.88,
797.106,4.02,
797.279,-7.43,
797.452,1.48,
797.625,-3.9,
797.798,0.77,
797.971,4.38,
798.144,-0.86,
798.317,-0.33,
798.49,4.62,
798.663,1.96,
798.836,-2.39,
799.009,-5.45,
799.182,0.3,
799.355,-2.32,
799.528,-3.07,
799.701,1.8,
799.873,1.41,
800.046,-8.35,
800.219,-7.53,
800.392,1.77,
800.565,-4.54,
800.737,-1.31,
800.91,-2.23,
801.083,-1.06,
801.255,-0.09,
801.428,3.24,
801.601,2.22,
801.773,-3.3,
801.946,-1.24,
802.118,3.18,
802.291,-3.12,
802.463,2.42,
802.636,-3.35,
802.809,-1.36,
802.981,5.2,
803.153,-2.75,
803.326,-0.58,
803.498,-2.23,
803.671,0.6,
803.843,-0.58,
804.015,0.12,
804.188,2.45,
804.36,-5.48,
804.532,1.54,
804.705,-10.22,
804.877,-0.16,
805.049,-3.96,
805.222,-5.69,
805.394,-1.55,
805.566,-3.44,
805.738,-0.83,
805.91,-4.03,
806.082,-2.02,
806.255,-2.14,
806.427,-0.73,
806.599,4,
806.771,2.52,
806.943,6.42,
807.115,-3.04,
807.287,-0.68,
807.459,5.17,
807.631,0.24,
807.803,0.01,
807.975,-1.4,
808.147,-5.63,
808.319,0.6,
808.49,-0.46,
808.662,-5.21,
808.834,0.49,
809.006,5.03,
809.178,-3.53,
809.35,-4.2,
809.521,4.84,
809.693,0.01,
809.865,0.13,
810.037,-1.64,
810.208,-3.36,
810.38,2.84,
810.552,-0.11,
810.723,-0.79,
810.895,-2.91,
811.066,0.51,
811.238,0.83,
811.41,4.48,
811.581,0.01,
811.753,-5.12,
811.924,-12.2,
812.096,-10.08,
812.267,6.16,
812.439,4.38,
812.61,-5.8,
812.781,0.27,
812.953,-4.73,
813.124,7.18,
813.295,-5.48,
813.467,-0.84,
813.638,-6.32,
813.809,-1.78,
813.981,-6.7,
814.152,-0.52,
814.323,-3.53,
814.494,-37.83,
814.666,0.48,
814.837,-11.19,
815.008,2.18,
815.179,-1.76,
815.35,10.38,
815.521,-1.36,
815.692,1.73,
815.864,-0.4,
816.035,0.08,
816.206,1.96,
816.377,1.13,
816.548,-0.55,
816.719,-3.44,
816.89,4.53,
817.06,-8.5,
817.231,-1.98,
817.402,0.73,
817.573,-1.92,
817.744,5.63,
817.915,-3.75,
818.086,0.74,
818.257,-0.5,
818.427,-8.25,
818.598,3.46,
818.769,2.07,
818.94,2.16,
819.11,-3.1,
819.281,2.69,
819.452,5.31,
819.622,-3.43,
819.793,1.44,
819.964,-3.08,
820.134,-5.58,
820.305,-3.1,
820.475,-1.43,
820.646,2.15,
820.816,-9.19,
820.987,-8.38,
821.157,-4.47,
821.328,-0.84,
821.498,9.51,
821.669,1.42,
821.839,5.9,
822.009,6.08,
822.18,-7.34,
822.35,3.26,
822.52,7.1,
822.691,-5.9,
822.861,-4.88,
823.031,-3.21,
823.202,-3.87,
823.372,-0.64,
823.542,2.87,
823.712,5.41,
823.882,-5.57,
824.053,1.99,
824.223,-8.42,
824.393,-4.14,
824.563,-22.57,
824.733,-3.33,
824.903,3.21,
825.073,-1.42,
825.243,0.95,
825.413,-8.48,
825.583,-5.96,
825.753,9.01,
825.923,3.71,
826.093,1.4,
826.263,-0.51,
826.433,-6.17,
826.603,-5.24,
826.773,8.19,
826.942,-10.42,
827.112,6.31,
827.282,-2.57,
827.452,-0.16,
827.622,1.45,
827.791,-3.32,
827.961,-10.47,
828.131,-3.07,
828.3,4.48,
828.47,-3.46,
828.64,-2.55,
828.809,4.61,
828.979,-4.33,
829.149,1.68,
829.318,-11.05,
829.488,0.02,
829.657,4.23,
829.827,-2.81,
829.996,-8.96,
830.166,-5.68,
830.335,3.45,
830.505,-6.78,
830.674,0.5,
830.843,3.58,
831.013,-1.92,
831.182,5.07,
831.351,0.31,
831.521,4.33,
831.69,-3.33,
831.859,0.61,
832.029,-5.14,
832.198,-7.37,
832.367,-7.01,
832.536,11.22,
832.705,-2.32,
832.875,5.13,
833.044,8.16,
833.213,-1.74,
833.382,-6.33,
833.551,-3.64,
833.72,-7.22,
833.889,-11.05,
834.058,-0.62,
834.227,-0.41,
834.396,-6.02,
834.565,-4.96,
834.734,-3.91,
834.903,1.19,
835.072,11.52,
835.241,0.44,
835.41,4.94,
835.579,-5.03,
835.748,-7.3,
835.916,2.18,
836.085,4.79,
836.254,-9.89,
836.423,-9.72,
836.591,-19.77,
836.76,3.98,
836.929,-2.86,
837.098,1.24,
837.266,5.82,
837.435,4.28,
837.604,1.15,
837.772,-6.65,
837.941,-1,
838.109,-2.03,
838.278,14.8,
838.446,-7,
838.615,3.72,
838.783,0.37,
838.952,-0.33,
839.12,-17.63,
839.289,5.07,
839.457,-0.45,
839.626,-16.79,
839.794,2.28,
839.962,-26.38,
840.131,-13.28,
840.299,-6.24,
840.467,-8.56,
840.636,-3.74,
840.804,1.85,
840.972,-4.38,
841.14,-0.96,
841.309,-8.5,
841.477,-6.05,
841.645,-11.06,
841.813,-17.48,
841.981,-12.29,
842.149,-8.56,
842.317,-14.42,
842.486,-7.86,
842.654,-3.56,
842.822,-8.57,
842.99,-15.16,
843.158,-1.4,
843.326,6.9,
843.494,-0.5,
843.661,2.5,
843.829,2.78,
843.997,-17.23,
844.165,-10.02,
844.333,-9.27,
844.501,-4.64,
844.669,-75.07,
844.837,-2.8,
845.004,0.83,
845.172,-5.8,
845.34,-49.43,
845.508,-2.3,
845.675,3.18,
845.843,-1.77,
846.011,-4.69,
846.178,-13.35,
846.346,-26.28,
846.514,-6.02,
846.681,-16.93,
846.849,-13.17,
847.016,-2.54,
847.184,-8.28,
847.351,-18.39,
847.519,-2.58,
847.686,-7.38,
847.854,7.76,
848.021,9.56,
848.189,10.63,
848.356,0.17,
848.523,-1.91,
848.691,-4.01,
848.858,-23.68,
849.025,5.15,
849.193,1.69,
849.36,-12.44,
849.527,-34.16,
849.694,-5.64,
849.862,-21.35,
850.029,6.35,
850.196,-4.77,
850.363,-14.92,
850.53,-13.56,
850.697,6.46,
850.865,-4.07,
851.032,-15.64,
851.199,0.66,
851.366,-20.25,
851.533,-9.76,
851.7,-6.26,
851.867,9.9,
852.034,11.74,
852.201,3.95,
852.368,-11.64,
852.535,10.42,
852.701,3.51,
852.868,-9.62,
853.035,-22.72,
853.202,-10.38,
853.369,6.1,
853.536,-8.95,
853.702,-15.12,
853.869,6.18,
854.036,-1.17,
854.203,-18.25,
854.369,-31.18,
854.536,3.86,
854.703,-18.89,
854.869,3.02,
855.036,-20.67,
855.203,-15.6,
855.369,-4.07,
855.536,-16.08,
855.702,-0.15,
855.869,4.92,
856.035,12.03,
856.202,3.5,
856.368,-0.15,
856.535,-6.79,
856.701,-9.04,
856.868,0.22,
857.034,-12.3,
857.2,15.62,
857.367,-6.95,
857.533,-12.86,
857.699,-14.04,
857.866,2.13,
858.032,-16.09,
858.198,6.01,
858.364,-4.23,
858.531,-6.77,
858.697,6.48,
858.863,-17.24,
859.029,-8.64,
859.195,-5.71,
859.361,4.21,
859.527,-4.76,
859.693,-5.58,
859.86,-12.46,
860.026,-17.77,
860.192,4.71,
860.358,4.12,
860.524,-17.61,
860.69,-4.7,
860.855,-4.94,
861.021,10.45,
861.187,-1.22,
861.353,2.77,
861.519,-3.35,
861.685,-25.45,
861.851,12.23,
862.017,-8.79,
862.182,0.69,
862.348,2.65,
862.514,-0.4,
862.68,-2.38,
862.845,11.53,
863.011,-4.64,
863.177,-10.7,
863.342,-5.59,
863.508,-4.27,
863.673,-4.52,
863.839,3.47,
864.005,12.46,
864.17,-12.45,
864.336,-5.54,
864.501,-1.83,
864.667,-3.72,
864.832,-11.06,
864.998,-3.52,
865.163,-9.99,
865.329,4.36,
865.494,-15.41,
865.659,-3.11,
865.825,13.48,
865.99,-14.93,
866.155,-8.6,
866.321,-14.85,
866.486,-10.93,
866.651,-9.74,
866.816,3.82,
866.982,22.57,
867.147,-3.52,
867.312,-26.52,
867.477,31.94,
867.642,-11.06,
867.807,-4.63,
867.972,17.03,
868.138,0.57,
868.303,-33.18,
868.468,-12.96,
868.633,-19.98,
868.798,-32.72,
868.963,-18.1,
869.128,-25.79,
869.293,-19.36,
869.457,-33.21,
869.622,-10.18,
869.787,-17.17,
869.952,-17.56,
870.117,-48.59,
870.282,-6.17,
870.447,-50.82,
870.611,9.48,
870.776,-12.88,
870.941,-40.78,
871.106,-1.99,
871.27,-21.36,
871.435,-14.71,
871.6,-4.41,
871.764,-5.64,
871.929,7.29,
872.094,-21.21,
872.258,2.8,
872.423,-35.63,
872.587,-68.59,
872.752,-16.14,
872.916,6,
873.081,27.75,
873.245,-16.43,
873.41,-7.9,
873.574,34.03,
873.739,-15.42,
873.903,-23.29,
874.067,2.66,
874.232,16.46,
874.396,-45.22,
874.56,-38.53,
874.725,-16.04,
874.889,-1.97,
875.053,-0.28,
875.217,-16.39,
875.382,-30.27,
875.546,0.75,
875.71,-15.67,
875.874,-32.35,
876.038,1.48,
876.202,18.63,
876.366,-41.24,
876.531,-4.63,
876.695,-25.37,
876.859,20.53,
877.023,-30.9,
877.187,3.77,
877.351,31.4,
877.515,-2.57,
877.678,-27.93,
877.842,-22.02,
878.006,-1.09,
878.17,-16.94,
878.334,-24.06,
878.498,27.87,
878.662,25.71,
878.826,3.24,
878.989,-11.91,
879.153,-17.23,
879.317,7.75,
879.481,-43.94,
879.644,-7.32,
879.808,6.26,
879.972,-29.44,
880.135,-33.02,
880.299,-32.81,
880.462,-0.35,
880.626,6.48,
880.79,-34.39,
880.953,-55.46,
881.117,0.51,
881.28,-1.69,
881.444,-9.67,
881.607,-10.62,
881.771,-33.11,
881.934,-12.56,
882.097,-17.2,
882.261,6.93,
882.424,-19.27,
882.587,-29.16,
882.751,-19.55,
882.914,-24.86,
883.077,-33.1,
883.241,4.37,
883.404,-30.66,
883.567,-10.07,
883.73,0.57,
883.893,-8.24,
884.057,-5.83,
884.22,-3.88,
884.383,13.06,
884.546,-60.64,
884.709,-14.05,
884.872,4.15,
885.035,46.12,
885.198,-54.2,
885.361,-15.53,
885.524,15.71,
885.687,-3.06,
885.85,-3.06,
