wlen,transmission
200,1.00E-06
200.19417,1.00E-06
200.38834,1.00E-06
200.58251,1.00E-06
200.77668,1.00E-06
200.97085,1.00E-06
201.16502,1.00E-06
201.35919,1.00E-06
201.55336,1.00E-06
201.74753,1.00E-06
201.9417,1.00E-06
202.13587,1.00E-06
202.33004,1.00E-06
202.52421,1.00E-06
202.71838,1.00E-06
202.91255,1.00E-06
203.10672,1.00E-06
203.30089,1.00E-06
203.49506,1.00E-06
203.68923,1.00E-06
203.8834,1.00E-06
204.07757,1.00E-06
204.27174,1.00E-06
204.46591,1.00E-06
204.66008,1.00E-06
204.85425,1.00E-06
205.04842,1.00E-06
205.24259,1.00E-06
205.43676,1.00E-06
205.63093,1.00E-06
205.8251,1.00E-06
206.01927,1.00E-06
206.21344,1.00E-06
206.40761,1.00E-06
206.60178,1.00E-06
206.79595,1.00E-06
206.99012,1.00E-06
207.18429,1.00E-06
207.37846,1.00E-06
207.57263,1.00E-06
207.7668,1.00E-06
207.96097,1.00E-06
208.15514,1.00E-06
208.34931,1.00E-06
208.54348,1.00E-06
208.73765,1.00E-06
208.93182,1.00E-06
209.12599,1.00E-06
209.32016,1.00E-06
209.51433,1.00E-06
209.7085,1.00E-06
209.90267,1.00E-06
210.09684,1.00E-06
210.29101,1.00E-06
210.48518,1.00E-06
210.67935,1.00E-06
210.87352,1.00E-06
211.06769,1.00E-06
211.26186,1.00E-06
211.45603,1.00E-06
211.6502,1.00E-06
211.84437,1.00E-06
212.03854,1.00E-06
212.23271,1.00E-06
212.42688,1.00E-06
212.62105,1.00E-06
212.81522,1.00E-06
213.00939,1.00E-06
213.20356,1.00E-06
213.39773,1.00E-06
213.5919,1.00E-06
213.78607,1.00E-06
213.98024,1.00E-06
214.17441,1.00E-06
214.36858,1.00E-06
214.56275,1.00E-06
214.75692,1.00E-06
214.95109,1.00E-06
215.14526,1.00E-06
215.33943,1.00E-06
215.5336,1.00E-06
215.72777,1.00E-06
215.92194,1.00E-06
216.11611,1.00E-06
216.31028,1.00E-06
216.50445,1.00E-06
216.69862,1.00E-06
216.89279,1.00E-06
217.08696,1.00E-06
217.28113,1.00E-06
217.4753,1.00E-06
217.66947,1.00E-06
217.86364,1.00E-06
218.05781,1.00E-06
218.25198,1.00E-06
218.44615,1.00E-06
218.64032,1.00E-06
218.83449,1.00E-06
219.02866,1.00E-06
219.22283,1.00E-06
219.417,1.00E-06
219.61117,1.00E-06
219.80534,1.00E-06
219.99951,1.00E-06
220.19368,1.00E-06
220.38785,1.00E-06
220.58202,1.00E-06
220.77619,1.00E-06
220.97036,1.00E-06
221.16453,1.00E-06
221.3587,1.00E-06
221.55287,1.00E-06
221.74704,1.00E-06
221.94121,1.00E-06
222.13538,1.00E-06
222.32955,1.00E-06
222.52372,1.00E-06
222.71789,1.00E-06
222.91206,1.00E-06
223.10623,1.00E-06
223.3004,1.00E-06
223.49457,1.00E-06
223.68874,1.00E-06
223.88291,1.00E-06
224.07708,1.00E-06
224.27125,1.00E-06
224.46542,1.00E-06
224.65959,1.00E-06
224.85376,1.00E-06
225.04793,1.00E-06
225.2421,1.00E-06
225.43627,1.00E-06
225.63044,1.00E-06
225.82461,1.00E-06
226.01878,1.00E-06
226.21295,1.00E-06
226.40712,1.00E-06
226.60129,1.00E-06
226.79546,1.00E-06
226.98963,1.00E-06
227.1838,1.00E-06
227.37797,1.00E-06
227.57214,1.00E-06
227.76631,1.00E-06
227.96048,1.00E-06
228.15465,1.00E-06
228.34882,1.00E-06
228.54299,1.00E-06
228.73716,1.00E-06
228.93133,1.00E-06
229.1255,1.00E-06
229.31967,1.00E-06
229.51384,1.00E-06
229.70801,1.00E-06
229.90218,1.00E-06
230.09635,1.00E-06
230.29052,1.00E-06
230.48469,1.00E-06
230.67886,1.00E-06
230.87303,1.00E-06
231.0672,1.00E-06
231.26137,1.00E-06
231.45554,1.00E-06
231.64971,1.00E-06
231.84388,1.00E-06
232.03805,1.00E-06
232.23222,1.00E-06
232.42639,1.00E-06
232.62056,1.00E-06
232.81473,1.00E-06
233.0089,1.00E-06
233.20307,1.00E-06
233.39724,1.00E-06
233.59141,1.00E-06
233.78558,1.00E-06
233.97975,1.00E-06
234.17392,1.00E-06
234.36809,1.00E-06
234.56226,1.00E-06
234.75643,1.00E-06
234.9506,1.00E-06
235.14477,1.00E-06
235.33894,1.00E-06
235.53311,1.00E-06
235.72728,1.00E-06
235.92145,1.00E-06
236.11562,1.00E-06
236.30979,1.00E-06
236.50396,1.00E-06
236.69813,1.00E-06
236.8923,1.00E-06
237.08647,1.00E-06
237.28064,1.00E-06
237.47481,1.00E-06
237.66898,1.00E-06
237.86315,1.00E-06
238.05732,1.00E-06
238.25149,1.00E-06
238.44566,1.00E-06
238.63983,1.00E-06
238.834,1.00E-06
239.02817,1.00E-06
239.22234,1.00E-06
239.41651,1.00E-06
239.61068,1.00E-06
239.80485,1.00E-06
239.99902,1.00E-06
240.19319,1.00E-06
240.38736,1.00E-06
240.58153,1.00E-06
240.7757,1.00E-06
240.96987,1.00E-06
241.16404,1.00E-06
241.35821,1.00E-06
241.55238,1.00E-06
241.74655,1.00E-06
241.94072,1.00E-06
242.13489,1.00E-06
242.32906,1.00E-06
242.52323,1.00E-06
242.7174,1.00E-06
242.91157,1.00E-06
243.10574,1.00E-06
243.29991,1.00E-06
243.49408,1.00E-06
243.68825,1.00E-06
243.88242,1.00E-06
244.07659,1.00E-06
244.27076,1.00E-06
244.46493,1.00E-06
244.6591,1.00E-06
244.85327,1.00E-06
245.04744,1.00E-06
245.24161,1.00E-06
245.43578,1.00E-06
245.62995,1.00E-06
245.82412,1.00E-06
246.01829,1.00E-06
246.21246,1.00E-06
246.40663,1.00E-06
246.6008,1.00E-06
246.79497,1.00E-06
246.98914,1.00E-06
247.18331,1.00E-06
247.37748,1.00E-06
247.57165,1.00E-06
247.76582,1.00E-06
247.95999,1.00E-06
248.15416,1.00E-06
248.34833,1.00E-06
248.5425,1.00E-06
248.73667,1.00E-06
248.93084,1.00E-06
249.12501,1.00E-06
249.31918,1.00E-06
249.51335,1.00E-06
249.70752,1.00E-06
249.90169,1.00E-06
250.09586,1.00E-06
250.29003,1.00E-06
250.4842,1.00E-06
250.67837,1.00E-06
250.87254,1.00E-06
251.06671,1.00E-06
251.26088,1.00E-06
251.45505,1.00E-06
251.64922,1.00E-06
251.84339,1.00E-06
252.03756,1.00E-06
252.23173,1.00E-06
252.4259,1.00E-06
252.62007,1.00E-06
252.81424,1.00E-06
253.00841,1.00E-06
253.20258,1.00E-06
253.39675,1.00E-06
253.59092,1.00E-06
253.78509,1.00E-06
253.97926,1.00E-06
254.17343,1.00E-06
254.3676,1.00E-06
254.56177,1.00E-06
254.75594,1.00E-06
254.95011,1.00E-06
255.14428,1.00E-06
255.33845,1.00E-06
255.53262,1.00E-06
255.72679,1.00E-06
255.92096,1.00E-06
256.11513,1.00E-06
256.3093,1.00E-06
256.50347,1.00E-06
256.69764,1.00E-06
256.89181,1.00E-06
257.08598,1.00E-06
257.28015,1.00E-06
257.47432,1.00E-06
257.66849,1.00E-06
257.86266,1.00E-06
258.05683,1.00E-06
258.251,1.00E-06
258.44517,1.00E-06
258.63934,1.00E-06
258.83351,1.00E-06
259.02768,1.00E-06
259.22185,1.00E-06
259.41602,1.00E-06
259.61019,1.00E-06
259.80436,1.00E-06
259.99853,1.00E-06
260.1927,1.00E-06
260.38687,1.00E-06
260.58104,1.00E-06
260.77521,1.00E-06
260.96938,1.00E-06
261.16355,1.00E-06
261.35772,1.00E-06
261.55189,1.00E-06
261.74606,1.00E-06
261.94023,1.00E-06
262.1344,1.00E-06
262.32857,1.00E-06
262.52274,1.00E-06
262.71691,1.00E-06
262.91108,1.00E-06
263.10525,1.00E-06
263.29942,1.00E-06
263.49359,1.00E-06
263.68776,1.00E-06
263.88193,1.00E-06
264.0761,1.00E-06
264.27027,1.00E-06
264.46444,1.00E-06
264.65861,1.00E-06
264.85278,1.00E-06
265.04695,1.00E-06
265.24112,1.00E-06
265.43529,1.00E-06
265.62946,1.00E-06
265.82363,1.00E-06
266.0178,1.00E-06
266.21197,1.00E-06
266.40614,1.00E-06
266.60031,1.00E-06
266.79448,1.00E-06
266.98865,1.00E-06
267.18282,1.00E-06
267.37699,1.00E-06
267.57116,1.00E-06
267.76533,1.00E-06
267.9595,1.00E-06
268.15367,1.00E-06
268.34784,1.00E-06
268.54201,1.00E-06
268.73618,1.00E-06
268.93035,1.00E-06
269.12452,1.00E-06
269.31869,1.00E-06
269.51286,1.00E-06
269.70703,1.00E-06
269.9012,1.00E-06
270.09537,1.00E-06
270.28954,1.00E-06
270.48371,1.00E-06
270.67788,1.00E-06
270.87205,1.00E-06
271.06622,1.00E-06
271.26039,1.00E-06
271.45456,1.00E-06
271.64873,1.00E-06
271.8429,1.00E-06
272.03707,1.00E-06
272.23124,1.00E-06
272.42541,1.00E-06
272.61958,1.00E-06
272.81375,1.00E-06
273.00792,1.00E-06
273.20209,1.00E-06
273.39626,1.00E-06
273.59043,1.00E-06
273.7846,1.00E-06
273.97877,1.00E-06
274.17294,1.00E-06
274.36711,1.00E-06
274.56128,1.00E-06
274.75545,1.00E-06
274.94962,1.00E-06
275.14379,1.00E-06
275.33796,1.00E-06
275.53213,1.00E-06
275.7263,1.00E-06
275.92047,1.00E-06
276.11464,1.00E-06
276.30881,1.00E-06
276.50298,1.00E-06
276.69715,1.00E-06
276.89132,1.00E-06
277.08549,1.00E-06
277.27966,1.00E-06
277.47383,1.00E-06
277.668,1.00E-06
277.86217,1.00E-06
278.05634,1.00E-06
278.25051,1.00E-06
278.44468,1.00E-06
278.63885,1.00E-06
278.83302,1.00E-06
279.02719,1.00E-06
279.22136,1.00E-06
279.41553,1.00E-06
279.6097,1.00E-06
279.80387,1.00E-06
279.99804,1.00E-06
280.19221,1.00E-06
280.38638,1.00E-06
280.58055,1.00E-06
280.77472,1.00E-06
280.96889,1.00E-06
281.16306,1.00E-06
281.35723,1.00E-06
281.5514,1.00E-06
281.74557,1.00E-06
281.93974,1.00E-06
282.13391,1.00E-06
282.32808,1.00E-06
282.52225,1.00E-06
282.71642,1.00E-06
282.91059,1.00E-06
283.10476,1.00E-06
283.29893,1.00E-06
283.4931,1.00E-06
283.68727,1.00E-06
283.88144,1.00E-06
284.07561,1.00E-06
284.26978,1.00E-06
284.46395,1.00E-06
284.65812,1.00E-06
284.85229,1.00E-06
285.04646,1.00E-06
285.24063,1.00E-06
285.4348,1.00E-06
285.62897,1.00E-06
285.82314,1.00E-06
286.01731,1.00E-06
286.21148,1.00E-06
286.40565,1.00E-06
286.59982,1.00E-06
286.79399,1.00E-06
286.98816,1.00E-06
287.18233,1.00E-06
287.3765,1.00E-06
287.57067,1.00E-06
287.76484,1.00E-06
287.95901,1.00E-06
288.15318,1.00E-06
288.34735,1.00E-06
288.54152,1.00E-06
288.73569,1.00E-06
288.92986,1.00E-06
289.12403,1.00E-06
289.3182,1.00E-06
289.51237,1.00E-06
289.70654,1.00E-06
289.90071,1.00E-06
290.09488,9.97E-07
290.28905,9.37E-07
290.48322,7.75E-07
290.67739,6.20E-07
290.87156,7.08E-07
291.06573,1.24E-06
291.2599,2.15E-06
291.45407,3.00E-06
291.64824,3.22E-06
291.84241,2.40E-06
292.03658,5.73E-07
292.23075,-1.74E-06
292.42492,-3.67E-06
292.61909,-4.19E-06
292.81326,-2.56E-06
293.00743,1.23E-06
293.2016,6.15E-06
293.39577,1.03E-05
293.58994,1.15E-05
293.78411,8.64E-06
293.97828,1.83E-06
294.17245,-6.88E-06
294.36662,-1.43E-05
294.56079,-1.71E-05
294.75496,-1.31E-05
294.94913,-2.42E-06
295.1433,1.20E-05
295.33747,2.49E-05
295.53164,3.06E-05
295.72581,2.55E-05
295.91998,9.55E-06
296.11415,-1.28E-05
296.30832,-3.38E-05
296.50249,-4.49E-05
296.69666,-3.99E-05
296.89083,-1.73E-05
297.085,1.77E-05
297.27917,5.38E-05
297.47334,7.67E-05
297.66751,7.39E-05
297.86168,4.03E-05
298.05585,-1.85E-05
298.25002,-8.65E-05
298.44419,-0.000139706
298.63836,-0.000151799
298.83253,-0.000100735
299.0267,2.45E-05
299.22087,0.000219343
299.41504,0.000462707
299.60921,0.00072299
299.80338,0.000965491
299.99755,0.00116
300.19172,0.00128637
300.38589,0.001337157
300.58006,0.001319877
300.77423,0.001255334
300.9684,0.001172216
301.16257,0.001099204
301.35674,0.001056182
301.55091,0.001051655
301.74508,0.001083438
301.93925,0.001140451
302.13342,0.001205241
302.32759,0.001256018
302.52176,0.001273865
302.71593,0.001250715
302.9101,0.001192754
303.10427,0.001118679
303.29844,0.001051649
303.49261,0.001013634
303.68678,0.001023172
303.88095,0.001091084
304.07512,0.001216262
304.26929,0.001381214
304.46346,0.00155666
304.65763,0.001717148
304.8518,0.001851918
305.04597,0.001968379
305.24014,0.002084762
305.43431,0.002219785
305.62848,0.00239154
305.82265,0.002611743
306.01682,0.00287829
306.21099,0.003167659
306.40516,0.003434111
306.59933,0.003632074
306.7935,0.003737414
306.98767,0.003760331
307.18184,0.003744909
307.37601,0.003755286
307.57018,0.003872339
307.76435,0.004184108
307.95852,0.004767719
308.15269,0.0056672
308.34686,0.006871843
308.54103,0.008323952
308.7352,0.009939137
308.92937,0.011625057
309.12354,0.013296252
309.31771,0.014880236
309.51188,0.016334116
309.70605,0.017659561
309.90022,0.018900054
310.09439,0.020123652
310.28856,0.021392487
310.48273,0.022743342
310.6769,0.024184874
310.87107,0.025695969
311.06524,0.027229166
311.25941,0.028716763
311.45358,0.030092335
311.64775,0.031330107
311.84192,0.032468986
312.03609,0.033615472
312.23026,0.034920043
312.42443,0.036539945
312.6186,0.038614228
312.81277,0.041233175
313.00694,0.04441057
313.20111,0.048066651
313.39528,0.052033289
313.58945,0.056099609
313.78362,0.060064128
313.97779,0.06377946
314.17196,0.067179986
314.36613,0.070286496
314.5603,0.073199365
314.75447,0.076069355
314.94864,0.079052056
315.14281,0.082259678
315.33698,0.085723166
315.53115,0.08938448
315.72532,0.09311387
315.91949,0.096742958
316.11366,0.10010665
316.30783,0.103083624
316.502,0.105627559
316.69617,0.107778805
316.89034,0.109653142
317.08451,0.111412347
317.27868,0.113223963
317.47285,0.115220216
317.66702,0.117467228
317.86119,0.119952162
318.05536,0.122590628
318.24953,0.125253149
318.4437,0.127803157
318.63787,0.130135066
318.83204,0.132206697
319.02621,0.134058673
319.22038,0.135816216
319.41455,0.137669689
319.60872,0.139833539
319.80289,0.142499159
319.99706,0.145791517
320.19123,0.149739378
320.3854,0.154266766
320.57957,0.159200105
320.77374,0.16429469
320.96791,0.169276057
321.16208,0.173889385
321.35625,0.177948472
321.55042,0.181356726
321.74459,0.184105608
321.93876,0.186260356
322.13293,0.187938794
322.3271,0.189290515
322.52127,0.190462497
322.71544,0.191568533
322.90961,0.192678131
323.10378,0.193821886
323.29795,0.195010341
323.49212,0.196243547
323.68629,0.197511119
323.88046,0.198796216
324.07463,0.200080834
324.2688,0.201354439
324.46297,0.202614293
324.65714,0.203855192
324.85131,0.20506668
325.04548,0.206236146
325.23965,0.207357668
325.43382,0.208436632
325.62799,0.209480369
325.82216,0.210493054
326.01633,0.211475175
326.2105,0.212428337
326.40467,0.213360563
326.59884,0.214279955
326.79301,0.215191635
326.98718,0.216098326
327.18135,0.217003737
327.37552,0.217916532
327.56969,0.218842836
327.76386,0.219780875
327.95803,0.220721433
328.1522,0.221653503
328.34637,0.222573827
328.54054,0.223486942
328.73471,0.22440314
328.92888,0.225338355
329.12305,0.226314449
329.31722,0.227360237
329.51139,0.228504
329.70556,0.229763106
329.89973,0.231138545
330.0939,0.232614221
330.28807,0.234162268
330.48224,0.235746236
330.67641,0.237321085
330.87058,0.238837257
331.06475,0.240247659
331.25892,0.241517442
331.45309,0.242630384
331.64726,0.243587286
331.84143,0.244403212
332.0356,0.245103902
332.22977,0.24572242
332.42394,0.246294462
332.61811,0.246850183
332.81228,0.247409309
333.00645,0.247980067
333.20062,0.24856177
333.39479,0.249149334
333.58896,0.249735092
333.78313,0.250311664
333.9773,0.250875309
334.17147,0.251428769
334.36564,0.25198263
334.55981,0.252551638
334.75398,0.253150116
334.94815,0.253788372
335.14232,0.254470678
335.33649,0.255195459
335.53066,0.255955075
335.72483,0.256736838
335.919,0.25752598
336.11317,0.258309437
336.30734,0.259079736
336.50151,0.259835733
336.69568,0.260580702
336.88985,0.261320105
337.08402,0.262059535
337.27819,0.262803803
337.47236,0.263555773
337.66653,0.264314968
337.8607,0.265078104
338.05487,0.265840858
338.24904,0.266600363
338.44321,0.267356435
338.63738,0.268110038
338.83155,0.268861669
339.02572,0.269610089
339.21989,0.270352144
339.41406,0.27108332
339.60823,0.271797391
339.8024,0.272487444
339.99657,0.273147923
340.19074,0.273777013
340.38491,0.274378265
340.57908,0.274959248
340.77325,0.275529324
340.96742,0.276097415
341.16159,0.276670292
341.35576,0.277251806
341.54993,0.277842336
341.7441,0.278439258
341.93827,0.279038374
342.13244,0.279635675
342.32661,0.28022891
342.52078,0.280817918
342.71495,0.28140405
342.90912,0.281989308
343.10329,0.282575491
343.29746,0.283163762
343.49163,0.28375416
343.6858,0.284345357
343.87997,0.284935286
344.07414,0.285522263
344.26831,0.286106323
344.46248,0.286689699
344.65665,0.28727611
344.85082,0.287869966
345.04499,0.288475598
345.23916,0.289096816
345.43333,0.289736428
345.6275,0.290395184
345.82167,0.291071505
346.01584,0.29176195
346.21001,0.292462351
346.40418,0.29316911
346.59835,0.293879185
346.79252,0.294590025
346.98669,0.295299657
347.18086,0.2960071
347.37503,0.296713007
347.5692,0.297418877
347.76337,0.298126145
347.95754,0.298835609
348.15171,0.299547268
348.34588,0.300260681
348.54005,0.300974012
348.73422,0.301682962
348.92839,0.302380579
349.12256,0.303058118
349.31673,0.30370714
349.5109,0.30432071
349.70507,0.304893916
349.89924,0.305424739
350.09341,0.305914907
350.28758,0.30637066
350.48175,0.306801697
350.67592,0.307218608
350.87009,0.307630839
351.06426,0.30804539
351.25843,0.308466605
351.4526,0.308896133
351.64677,0.309332657
351.84094,0.309772781
352.03511,0.310212563
352.22928,0.310649269
352.42345,0.311082372
352.61762,0.311512781
352.81179,0.31194199
353.00596,0.312371373
353.20013,0.312801904
353.3943,0.313234164
353.58847,0.313667647
353.78264,0.314100837
353.97681,0.314532009
354.17098,0.314960402
354.36515,0.315387273
354.55932,0.315815374
354.75349,0.31624805
354.94766,0.316688449
355.14183,0.317138968
355.336,0.317601159
355.53017,0.318075103
355.72434,0.318559078
355.91851,0.31905003
356.11268,0.31954454
356.30685,0.320040121
356.50102,0.32053556
356.69519,0.321030459
356.88936,0.321524838
357.08353,0.322018859
357.2777,0.322512958
357.47187,0.323007679
357.66604,0.323503106
357.86021,0.323998799
358.05438,0.324494083
358.24855,0.324988659
358.44272,0.325482927
358.63689,0.325977531
358.83106,0.326472911
359.02523,0.326969016
359.2194,0.327465345
359.41357,0.327961287
359.60774,0.328456328
359.80191,0.328950305
359.99608,0.329443568
360.19025,0.32993693
360.38442,0.330431342
360.57859,0.330927264
360.77276,0.33142392
360.96693,0.33191875
361.1611,0.33240732
361.35527,0.33288386
361.54944,0.333342381
361.74361,0.33377804
361.93778,0.334188387
362.13195,0.334574126
362.32612,0.334939028
362.52029,0.335289125
362.71446,0.335631431
362.90863,0.335972466
363.1028,0.336316941
363.29697,0.336666872
363.49114,0.337021532
363.68531,0.337378396
363.87948,0.337734591
364.07365,0.338088291
364.26782,0.338439469
364.46199,0.338789766
364.65616,0.339141723
364.85033,0.339497553
365.0445,0.339857908
365.23867,0.340221098
365.43284,0.340583193
365.62701,0.340939276
365.82118,0.341285443
366.01535,0.341620856
366.20952,0.341949063
366.40369,0.342278028
366.59786,0.342619098
366.79203,0.34298492
366.9862,0.343386825
367.18037,0.343832351
367.37454,0.344323695
367.56871,0.344858176
367.76288,0.345429885
367.95705,0.346031667
368.15122,0.346656783
368.34539,0.347299758
368.53956,0.347956701
368.73373,0.348624593
368.9279,0.349299958
369.12207,0.349977868
369.31624,0.350652067
369.51041,0.351316468
369.70458,0.35196721
369.89875,0.352604477
370.09292,0.35323334
370.28709,0.3538631
370.48126,0.354504673
370.67543,0.355166358
370.8696,0.355849559
371.06377,0.356545991
371.25794,0.357237798
371.45211,0.357900572
371.64628,0.358508007
371.84045,0.359037782
372.03462,0.359477182
372.22879,0.359827007
372.42296,0.360101944
372.61713,0.360326282
372.8113,0.360527698
373.00547,0.360730842
373.19964,0.360952429
373.39381,0.361198848
373.58798,0.361466109
373.78215,0.361743144
373.97632,0.362017154
374.17049,0.362279182
374.36466,0.362528087
374.55883,0.36277098
374.753,0.363021095
374.94717,0.363294082
375.14134,0.363603831
375.33551,0.363959092
375.52968,0.364361288
375.72385,0.364804546
375.91802,0.365277896
376.11219,0.365768655
376.30636,0.366266066
376.50053,0.366763395
376.6947,0.367258104
376.88887,0.367750848
377.08304,0.368243784
377.27721,0.368739106
377.47138,0.369237473
377.66555,0.369736557
377.85972,0.370231072
378.05389,0.37071404
378.24806,0.371179039
378.44223,0.371621955
378.6364,0.372040912
378.83057,0.372436045
379.02474,0.372809238
379.21891,0.373164163
379.41308,0.373506108
379.60725,0.373840391
379.80142,0.37417134
379.99559,0.374501975
380.18976,0.374834343
380.38393,0.37517013
380.5781,0.375509985
380.77227,0.375853154
380.96644,0.376197745
381.16061,0.376541571
381.35478,0.376883403
381.54895,0.377222922
381.74312,0.377560348
381.93729,0.377896255
382.13146,0.378231531
382.32563,0.378567656
382.5198,0.378906017
382.71397,0.379247014
382.90814,0.37958984
383.10231,0.379932906
383.29648,0.380274999
383.49065,0.380615578
383.68482,0.380954265
383.87899,0.381290802
384.07316,0.381625353
384.26733,0.381959303
384.4615,0.382295118
384.65567,0.382634772
384.84984,0.382978829
385.04401,0.383326211
385.23818,0.383674948
385.43235,0.384022764
385.62652,0.384366045
385.82069,0.384699638
386.01486,0.385017514
386.20903,0.385314365
386.4032,0.385587232
386.59737,0.385834949
386.79154,0.386057692
386.98571,0.386256895
387.17988,0.386435556
387.37405,0.386598615
387.56822,0.386751577
387.76239,0.386899333
387.95656,0.387045682
388.15073,0.387193419
388.3449,0.387344815
388.53907,0.387501113
388.73324,0.387662081
388.92741,0.38782611
389.12158,0.387990751
389.31575,0.388153655
389.50992,0.388313022
389.70409,0.388467866
389.89826,0.388618419
390.09243,0.388766356
390.2866,0.388914685
390.48077,0.389066841
390.67494,0.389225344
390.86911,0.389390794
391.06328,0.389561402
391.25745,0.389733246
391.45162,0.389901102
391.64579,0.390059624
391.83996,0.390204769
392.03413,0.390334918
392.2283,0.390451266
392.42247,0.390557222
392.61664,0.390657122
392.81081,0.390754756
393.00498,0.39085216
393.19915,0.390949048
393.39332,0.391043153
393.58749,0.391131887
393.78166,0.391214535
393.97583,0.391294121
394.17,0.391378147
394.36417,0.391477704
394.55834,0.391605809
394.75251,0.391774937
394.94668,0.391994148
395.14085,0.392266554
395.33502,0.3925879
395.52919,0.392947473
395.72336,0.393330628
395.91753,0.393721903
396.1117,0.394108072
396.30587,0.39448049
396.50004,0.394836405
396.69421,0.395178653
396.88838,0.395513787
397.08255,0.395849441
397.27672,0.396191771
397.47089,0.396543626
397.66506,0.396903652
397.85923,0.397266569
398.0534,0.397624524
398.24757,0.39796926
398.44174,0.398294314
398.63591,0.398596201
398.83008,0.398874793
399.02425,0.399132991
399.21842,0.399375996
399.41259,0.399610217
399.60676,0.39984149
399.80093,0.400073777
399.9951,0.400308671
400.18927,0.400545788
400.38344,0.400783811
400.57761,0.401021004
400.77178,0.401255804
400.96595,0.401487468
401.16012,0.401716636
401.35429,0.4019457
401.54846,0.40217787
401.74263,0.402415829
401.9368,0.402660616
402.13097,0.402910948
402.32514,0.403163264
402.51931,0.40341158
402.71348,0.403647618
402.90765,0.403861806
403.10182,0.404044967
403.29599,0.404190523
403.49016,0.404295809
403.68433,0.404362332
403.8785,0.404395633
404.07267,0.404404557
404.26684,0.40439999
404.46101,0.404392551
404.65518,0.404389837
404.84935,0.404394964
405.04352,0.404406519
405.23769,0.404419949
405.43186,0.404429579
405.62603,0.404430393
405.8202,0.404420158
406.01437,0.404401115
406.20854,0.404380648
406.40271,0.404370405
406.59688,0.404383641
406.79105,0.404432292
406.98522,0.404524357
407.17939,0.404662121
407.37356,0.404841637
407.56773,0.40505356
407.7619,0.405285154
407.95607,0.405522882
408.15024,0.40575502
408.34441,0.405973711
408.53858,0.406176285
408.73275,0.406365217
408.92692,0.406546753
409.12109,0.406728609
409.31526,0.406917276
409.50943,0.407116251
409.7036,0.407325403
409.89777,0.407541222
410.09194,0.40775801
410.28611,0.407969685
410.48028,0.408172341
410.67445,0.408366797
410.86862,0.40855973
411.06279,0.40876302
411.25696,0.408991131
411.45113,0.409257462
411.6453,0.409570729
411.83947,0.409931609
412.03364,0.410330668
412.22781,0.410748457
412.42198,0.411158382
412.61615,0.411531907
412.81032,0.411844139
413.00449,0.412078645
413.19866,0.41223037
413.39283,0.412305804
413.587,0.412320399
413.78117,0.412293923
413.97534,0.41224524
414.16951,0.412187898
414.36368,0.412127628
414.55785,0.41206299
414.75202,0.411988715
414.94619,0.411900325
415.14036,0.411798323
415.33453,0.411690262
415.5287,0.411590975
415.72287,0.411520721
415.91704,0.411501296
416.11121,0.411551207
416.30538,0.411681077
416.49955,0.41189207
416.69372,0.412177538
416.88789,0.41252599
417.08206,0.412924338
417.27623,0.413360224
417.4704,0.413823804
417.66457,0.414308512
417.85874,0.414809593
418.05291,0.415321548
418.24708,0.415835713
418.44125,0.416339655
418.63542,0.416818887
418.82959,0.417259305
419.02376,0.417649891
419.21793,0.417984828
419.4121,0.418264554
419.60627,0.418495751
419.80044,0.418689581
419.99461,0.418858889
420.18878,0.41901519
420.38295,0.419166311
420.57712,0.41931625
420.77129,0.41946624
420.96546,0.419616259
421.15963,0.419766173
421.3538,0.419915933
421.54797,0.420066087
421.74214,0.420217759
421.93631,0.420371887
422.13048,0.420528258
422.32465,0.42068465
422.51882,0.420837997
422.71299,0.420986693
422.90716,0.421132447
423.10133,0.421281062
423.2955,0.421441337
423.48967,0.421623739
423.68384,0.421839029
423.87801,0.422095867
424.07218,0.422398263
424.26635,0.422743463
424.46052,0.423122188
424.65469,0.423521596
424.84886,0.423928559
425.04303,0.42433253
425.2372,0.424727121
425.43137,0.425110549
425.62554,0.425485405
425.81971,0.425856865
426.01388,0.426230166
426.20805,0.426608278
426.40222,0.42699075
426.59639,0.427374669
426.79056,0.427756527
426.98473,0.428134261
427.1789,0.428508654
427.37307,0.428883577
427.56724,0.429265537
427.76141,0.429662018
427.95558,0.43007912
428.14975,0.430519373
428.34392,0.430980537
428.53809,0.43145663
428.73226,0.43194012
428.92643,0.432424189
429.1206,0.432904409
429.31477,0.433379222
429.50894,0.433849728
429.70311,0.434318384
429.89728,0.434786696
430.09145,0.435252976
430.28562,0.435711105
430.47979,0.436151122
430.67396,0.436561414
430.86813,0.436931719
431.0623,0.437256147
431.25647,0.4375353
431.45064,0.437776552
431.64481,0.437992268
431.83898,0.438196798
432.03315,0.438403133
432.22732,0.438620146
432.42149,0.438851051
432.61566,0.4390934
432.80983,0.439340959
433.004,0.439586665
433.19817,0.439825664
433.39234,0.44005738
433.58651,0.440285667
433.78068,0.440517734
433.97485,0.440762325
434.16902,0.441027767
434.36319,0.44132048
434.55736,0.441643884
434.75153,0.441998377
434.9457,0.442382167
435.13987,0.442792384
435.33404,0.443226056
435.52821,0.44367999
435.72238,0.444149956
435.91655,0.444629985
436.11072,0.44511237
436.30489,0.445589006
436.49906,0.446053051
436.69323,0.446500497
436.8874,0.446931755
437.08157,0.447352483
437.27574,0.4477733
437.46991,0.448207194
437.66408,0.448664881
437.85825,0.44915049
438.05242,0.449658827
438.24659,0.45017553
438.44076,0.450679654
438.63493,0.45114714
438.8291,0.451555811
439.02327,0.451890624
439.21744,0.452147944
439.41161,0.45233698
439.60578,0.452476434
439.79995,0.452589352
439.99412,0.452697705
440.18829,0.452818106
440.38246,0.452959482
440.57663,0.453122007
440.7708,0.453298793
440.96497,0.45347961
441.15914,0.45365526
441.35331,0.453821207
441.54748,0.453978434
441.74165,0.454132318
441.93582,0.454290391
442.12999,0.454459733
442.32416,0.454644932
442.51833,0.454846492
442.7125,0.455060617
442.90667,0.455280655
443.10084,0.455499443
443.29501,0.455711808
443.48918,0.455915782
443.68335,0.456112373
443.87752,0.456304653
444.07169,0.456496454
444.26586,0.456691214
444.46003,0.456890952
444.6542,0.457095589
444.84837,0.457303281
445.04254,0.457511384
445.23671,0.457717635
445.43088,0.457920957
445.62505,0.458121527
445.81922,0.45832047
446.01339,0.458519283
446.20756,0.458719189
446.40173,0.458920638
446.5959,0.459123308
446.79007,0.459326417
446.98424,0.459529158
447.17841,0.459731005
447.37258,0.459931766
447.56675,0.460132007
447.76092,0.460333238
447.95509,0.460537688
448.14926,0.460747727
448.34343,0.460964964
448.5376,0.461190375
448.73177,0.461424668
448.92594,0.461668288
449.12011,0.461921089
449.31428,0.462181622
449.50845,0.462447493
449.70262,0.462716273
449.89679,0.462986002
450.09096,0.463255334
450.28513,0.463523186
450.4793,0.463788839
450.67347,0.464052457
450.86764,0.464315035
451.06181,0.46457793
451.25598,0.464842014
451.45015,0.465107236
451.64432,0.465373042
451.83849,0.465638733
452.03266,0.465903757
452.22683,0.466167793
452.421,0.466430867
452.61517,0.466693943
452.80934,0.466959134
453.00351,0.467229542
453.19768,0.467508753
453.39185,0.467800242
453.58602,0.468107293
453.78019,0.468432834
453.97436,0.468779059
454.16853,0.469146888
454.3627,0.469535417
454.55687,0.469941849
454.75104,0.470361566
454.94521,0.470788383
455.13938,0.471215236
455.33355,0.47163542
455.52772,0.472044122
455.72189,0.472439654
455.91606,0.47282407
456.11023,0.473202959
456.3044,0.473584403
456.49857,0.473976868
456.69274,0.474386464
456.88691,0.474814537
457.08108,0.475256327
457.27525,0.475701399
457.46942,0.476135448
457.66359,0.476542785
457.85776,0.476909489
458.05193,0.477226501
458.2461,0.47749201
458.44027,0.477711901
458.63444,0.477897567
458.82861,0.478062862
459.02278,0.478220996
459.21695,0.478382203
459.41112,0.478552382
459.60529,0.47873239
459.79946,0.478919028
459.99363,0.479107169
460.1878,0.479292223
460.38197,0.479472027
460.57614,0.479646941
460.77031,0.479819076
460.96448,0.47999111
461.15865,0.480165147
461.35282,0.480342062
461.54699,0.480520949
461.74116,0.480699465
461.93533,0.480875064
462.1295,0.481046524
462.32367,0.481215186
462.51784,0.481384831
462.71201,0.481560622
462.90618,0.48174777
463.10035,0.481950213
463.29452,0.4821698
463.48869,0.482405777
463.68286,0.482654846
463.87703,0.482912137
464.0712,0.483172622
464.26537,0.483432613
464.45954,0.483690481
464.65371,0.483946266
464.84788,0.484200959
465.04205,0.484455712
465.23622,0.484711388
465.43039,0.484968372
465.62456,0.485226284
465.81873,0.485484213
466.0129,0.485741252
466.20707,0.485997114
466.40124,0.486252493
466.59541,0.486508586
466.78958,0.486766416
466.98375,0.487026211
467.17792,0.487287182
467.37209,0.487547821
467.56626,0.487806367
467.76043,0.488061485
467.9546,0.488312943
468.14877,0.488562023
468.34294,0.488811448
468.53711,0.489064601
468.73128,0.489324293
468.92545,0.489591475
469.11962,0.489864373
469.31379,0.490138443
469.50796,0.490407107
469.70213,0.490663092
469.8963,0.490900092
470.09047,0.491114306
470.28464,0.491305425
470.47881,0.491476484
470.67298,0.491632645
470.86715,0.491779655
471.06132,0.49192244
471.25549,0.492064257
471.44966,0.492206411
471.64383,0.492348495
471.838,0.492489342
472.03217,0.49262817
472.22634,0.492765454
472.42051,0.492903006
472.61468,0.493043106
472.80885,0.493187393
473.00302,0.493335936
473.19719,0.49348687
473.39136,0.493636762
473.58553,0.493781459
473.7797,0.493917565
473.97387,0.494044097
474.16804,0.494163717
474.36221,0.494283005
474.55638,0.494411359
474.75055,0.494559063
474.94472,0.494735016
475.13889,0.494944638
475.33306,0.495188506
475.52723,0.495462086
475.7214,0.495756616
475.91557,0.49606093
476.10974,0.496363798
476.30391,0.496656323
476.49808,0.496933716
476.69225,0.497195898
476.88642,0.497447006
477.08059,0.497694018
477.27476,0.497944882
477.46893,0.49820646
477.6631,0.498482652
477.85727,0.498773227
478.05144,0.499073615
478.24561,0.499375745
478.43978,0.499669706
478.63395,0.499945569
478.82812,0.500195185
479.02229,0.500413632
479.21646,0.500600125
479.41063,0.500758052
479.6048,0.500893912
479.79897,0.501015747
479.99314,0.501131478
480.18731,0.501247482
480.38148,0.501367642
480.57565,0.501493082
480.76982,0.501622669
480.96399,0.501754005
481.15816,0.501884533
481.35233,0.502012365
481.5465,0.502136854
481.74067,0.502258704
481.93484,0.50237956
482.12901,0.502501241
482.32318,0.502624802
482.51735,0.502750161
482.71152,0.502876344
482.90569,0.503002026
483.09986,0.503126175
483.29403,0.503248429
483.4882,0.503369572
483.68237,0.50349198
483.87654,0.503619481
484.07071,0.503756665
484.26488,0.503907679
484.45905,0.504075341
484.65322,0.504261118
484.84739,0.504465172
485.04156,0.504686411
485.23573,0.504922385
485.4299,0.505169442
485.62407,0.505423674
485.81824,0.505681536
486.01241,0.505940109
486.20658,0.506197017
486.40075,0.50645032
486.59492,0.506699163
486.78909,0.506944085
486.98326,0.507186855
487.17743,0.50742982
487.3716,0.507674925
487.56577,0.507923511
487.75994,0.508176108
487.95411,0.508432175
488.14828,0.508689939
488.34245,0.508946439
488.53662,0.509198652
488.73079,0.509444809
488.92496,0.509685191
489.11913,0.509922268
489.3133,0.510159974
489.50747,0.510403077
489.70164,0.510656469
489.89581,0.510924046
490.08998,0.511207622
490.28415,0.511506078
490.47832,0.511815765
490.67249,0.512131962
490.86666,0.512450181
491.06083,0.512767087
491.255,0.513080716
491.44917,0.513390514
491.64334,0.513697475
491.83751,0.514003549
492.03168,0.514310683
492.22585,0.514619766
492.42002,0.514930163
492.61419,0.515240526
492.80836,0.515549648
493.00253,0.515857079
493.1967,0.51616325
493.39087,0.516469159
493.58504,0.51677649
493.77921,0.517087193
493.97338,0.517402579
494.16755,0.517722249
494.36172,0.51804324
494.55589,0.518360375
494.75006,0.518667263
494.94423,0.518957622
495.1384,0.519226685
495.33257,0.519472316
495.52674,0.519695738
495.72091,0.519901578
495.91508,0.520097116
496.10925,0.52029086
496.30342,0.520490656
496.49759,0.520701897
496.69176,0.520926362
496.88593,0.521161904
497.0801,0.521403019
497.27427,0.521642218
497.46844,0.52187192
497.66261,0.522086531
497.85678,0.522284286
498.05095,0.522468432
498.24512,0.522647354
498.43929,0.52283357
498.63346,0.523041983
498.82763,0.523287402
499.0218,0.523581736
499.21597,0.523931361
499.41014,0.524335569
499.60431,0.524787015
499.79848,0.525273347
499.99265,0.525779623
500.18682,0.526291094
500.38099,0.526795943
500.57516,0.527287406
500.76933,0.527764446
500.9635,0.528231064
501.15767,0.528694639
501.35184,0.529163854
501.54601,0.529646328
501.74018,0.530146428
501.93435,0.530663734
502.12852,0.531192456
502.32269,0.531722073
502.51686,0.532238376
502.71103,0.532724773
502.9052,0.533164218
503.09937,0.533541753
503.29354,0.533847548
503.48771,0.534078845
503.68188,0.534240364
503.87605,0.534343882
504.07022,0.534406752
504.26439,0.534449335
504.45856,0.534491079
504.65273,0.534546245
504.8469,0.53462099
505.04107,0.534712366
505.23524,0.534809556
505.42941,0.534897243
505.62358,0.534960671
505.81775,0.53499117
506.01192,0.534990518
506.20609,0.534972674
506.40026,0.534962123
506.59443,0.534989933
506.7886,0.535087972
506.98277,0.535282347
507.17694,0.535587383
507.37111,0.536001734
507.56528,0.53650891
507.75945,0.537080893
507.95362,0.537683455
508.14779,0.538282021
508.34196,0.538846964
508.53613,0.539357762
508.7303,0.539804596
508.92447,0.540187456
509.11864,0.540513695
509.31281,0.540794935
509.50698,0.541044285
509.70115,0.541274407
509.89532,0.541496501
510.08949,0.541719899
510.28366,0.541951632
510.47783,0.542196108
510.672,0.542454914
510.86617,0.542726442
511.06034,0.543005701
511.25451,0.543284619
511.44868,0.543553686
511.64285,0.543805112
511.83702,0.54403579
512.03119,0.544249236
512.22536,0.544455573
512.41953,0.544669724
512.6137,0.544909173
512.80787,0.54519051
513.00204,0.545525647
513.19621,0.54591865
513.39038,0.546364508
513.58455,0.546851816
513.77872,0.547366588
513.97289,0.547895813
514.16706,0.548429783
514.36123,0.548962714
514.5554,0.549492933
514.74957,0.550021364
514.94374,0.550548793
515.13791,0.551073205
515.33208,0.551588261
515.52625,0.552084318
515.72042,0.552550984
515.91459,0.552980065
516.10876,0.553368093
516.30293,0.553717561
516.4971,0.554036579
516.69127,0.554336996
516.88544,0.554631497
517.07961,0.554930591
517.27378,0.555240339
517.46795,0.555561474
517.66212,0.555890233
517.85629,0.556220564
518.05046,0.556546878
518.24463,0.556866437
518.4388,0.557180636
518.63297,0.557494934
518.82714,0.557817431
519.02131,0.558156589
519.21548,0.558518759
519.40965,0.558906372
519.60382,0.559317592
519.79799,0.559747047
519.99216,0.560187287
520.18633,0.56063055
520.3805,0.561070454
520.57467,0.561503371
520.76884,0.561928907
520.96301,0.562349472
521.15718,0.562769174
521.35135,0.563192352
521.54552,0.563622215
521.73969,0.564059813
521.93386,0.564503623
522.12803,0.564949887
522.3222,0.565393727
522.51637,0.565830663
522.71054,0.566258096
522.90471,0.566676408
523.09888,0.567089285
523.29305,0.567503121
523.48722,0.567925146
523.68139,0.568360791
523.87556,0.568811439
524.06973,0.569273191
524.2639,0.569737299
524.45807,0.570191823
524.65224,0.570623869
524.84641,0.571022493
525.04058,0.571381469
525.23475,0.571701257
525.42892,0.571989071
525.62309,0.572256434
525.81726,0.57251595
526.01143,0.572778169
526.2056,0.57304945
526.39977,0.573331199
526.59394,0.57362001
526.78811,0.573909576
526.98228,0.574193683
527.17645,0.574469342
527.37062,0.574738984
527.56479,0.575010035
527.75896,0.575293019
527.95313,0.575598952
528.1473,0.57593669
528.34147,0.576311074
528.53564,0.576721227
528.72981,0.577160239
528.92398,0.577616697
529.11815,0.578077566
529.31232,0.578531974
529.50649,0.578973371
529.70066,0.579399947
529.89483,0.579814345
530.089,0.580222737
530.28317,0.580633871
530.47734,0.581056673
530.67151,0.581496828
530.86568,0.581954699
531.05985,0.582424855
531.25402,0.582897659
531.44819,0.58336125
531.64236,0.583802388
531.83653,0.584208142
532.0307,0.584568075
532.22487,0.584876828
532.41904,0.585135614
532.61321,0.585350542
532.80738,0.585530675
533.00155,0.585686271
533.19572,0.585827619
533.38989,0.585964194
533.58406,0.586102538
533.77823,0.586245355
533.9724,0.586391996
534.16657,0.586539957
534.36074,0.586686778
534.55491,0.586830411
534.74908,0.586969273
534.94325,0.587102342
535.13742,0.587229228
535.33159,0.587350294
535.52576,0.587465991
535.71993,0.587576325
535.9141,0.587680943
536.10827,0.587779578
536.30244,0.587872605
536.49661,0.587961044
536.69078,0.588046305
536.88495,0.588130013
537.07912,0.588213793
537.27329,0.58829898
537.46746,0.588386272
537.66163,0.588475657
537.8558,0.588566627
538.04997,0.588658452
538.24414,0.588750248
538.43831,0.588840927
538.63248,0.588929454
538.82665,0.589015154
539.02082,0.589098006
539.21499,0.58917876
539.40916,0.589259021
539.60333,0.589342076
539.7975,0.58943342
539.99167,0.589540611
540.18584,0.589672164
540.38001,0.589835746
540.57418,0.590037454
540.76835,0.590281098
540.96252,0.590567338
541.15669,0.590892899
541.35086,0.591250185
541.54503,0.591629136
541.7392,0.592019512
541.93337,0.592412547
542.12754,0.592801847
542.32171,0.593183335
542.51588,0.59355582
542.71005,0.593921139
542.90422,0.594283135
543.09839,0.594646041
543.29256,0.595012607
543.48673,0.595383595
543.6809,0.5957584
543.87507,0.596135573
544.06924,0.596513301
544.26341,0.596889611
544.45758,0.597262979
544.65175,0.597633293
544.84592,0.598001875
545.04009,0.598370786
545.23426,0.598741637
545.42843,0.59911469
545.6226,0.599488943
545.81677,0.59986219
546.01094,0.600231165
546.20511,0.600591786
546.39928,0.600939678
546.59345,0.601271314
546.78762,0.60158481
546.98179,0.601880239
547.17596,0.602159461
547.37013,0.602425558
547.5643,0.602682443
547.75847,0.602934359
547.95264,0.60318527
548.14681,0.603438248
548.34098,0.603694902
548.53515,0.603955406
548.72932,0.604218878
548.92349,0.604483871
549.11766,0.604748823
549.31183,0.605012333
549.506,0.605273507
549.70017,0.605532272
549.89434,0.605789395
550.08851,0.606046205
550.28268,0.606304023
550.47685,0.606563644
550.67102,0.606825137
550.86519,0.607087872
551.05936,0.607350766
551.25353,0.607612648
551.4477,0.607872747
551.64187,0.608131347
551.83604,0.608390255
552.03021,0.608652917
552.22438,0.608924005
552.41855,0.609208598
552.61272,0.609511302
552.80689,0.609835377
553.00106,0.610182019
553.19523,0.610549985
553.3894,0.610935734
553.58357,0.611334143
553.77774,0.611739453
553.97191,0.61214625
554.16608,0.61255031
554.36025,0.612949214
554.55442,0.613342318
554.74859,0.613730223
554.94276,0.614114058
555.13693,0.614494862
555.3311,0.614873354
555.52527,0.615249622
555.71944,0.615622978
555.91361,0.615992205
556.10778,0.616356141
556.30195,0.616714542
556.49612,0.617068238
556.69029,0.617418625
556.88446,0.617767243
557.07863,0.618115518
557.2728,0.618464995
557.46697,0.618817072
557.66114,0.619172078
557.85531,0.619529022
558.04948,0.619886028
558.24365,0.620241608
558.43782,0.620595568
558.63199,0.620948289
558.82616,0.621300294
559.02033,0.621652111
559.2145,0.622004643
559.40867,0.622359289
559.60284,0.6227159
559.79701,0.6230714
559.99118,0.623419618
560.18535,0.623752648
560.37952,0.624063264
560.57369,0.624345182
560.76786,0.624593595
560.96203,0.624806287
561.1562,0.624985023
561.35037,0.625136743
561.54454,0.62527122
561.73871,0.625398015
561.93288,0.625524443
562.12705,0.625654837
562.32122,0.625791487
562.51539,0.625934299
562.70956,0.626080589
562.90373,0.626226383
563.0979,0.626368433
563.29207,0.626506629
563.48624,0.626643865
563.68041,0.626783779
563.87458,0.626928922
564.06875,0.627079576
564.26292,0.627233913
564.45709,0.627387931
564.65126,0.627534678
564.84543,0.627665096
565.0396,0.627770001
565.23377,0.627842863
565.42794,0.627881598
565.62211,0.627887705
565.81628,0.627865277
566.01045,0.627820051
566.20462,0.627758768
566.39879,0.627688435
566.59296,0.627614445
566.78713,0.627539783
566.9813,0.627465329
567.17547,0.627390949
567.36964,0.627316789
567.56381,0.627243686
567.75798,0.627173526
567.95215,0.627109504
568.14632,0.627055996
568.34049,0.627017939
568.53466,0.626999777
568.72883,0.627004528
568.923,0.627033105
569.11717,0.627083944
569.31134,0.627152985
569.50551,0.627234397
569.69968,0.627321862
569.89385,0.627409875
570.08802,0.62749476
570.28219,0.627575048
570.47636,0.627651478
570.67053,0.627726653
570.8647,0.627804078
571.05887,0.627886959
571.25304,0.627977039
571.44721,0.628074185
571.64138,0.628177044
571.83555,0.628283913
572.02972,0.628393531
572.22389,0.628505416
572.41806,0.628619791
572.61223,0.628737441
572.8064,0.628859035
573.00057,0.628984276
573.19474,0.629111289
573.38891,0.629236663
573.58308,0.629356773
573.77725,0.62946928
573.97142,0.629574296
574.16559,0.629674779
574.35976,0.629775919
574.55393,0.629884538
574.7481,0.630007817
574.94227,0.630151502
575.13644,0.630318192
575.33061,0.630506226
575.52478,0.630710766
575.71895,0.630925944
575.91312,0.631146801
576.10729,0.631370547
576.30146,0.631596576
576.49563,0.631826424
576.6898,0.632063164
576.88397,0.632309523
577.07814,0.63256558
577.27231,0.632826772
577.46648,0.633083792
577.66065,0.633324522
577.85482,0.633536619
578.04899,0.633710248
578.24316,0.633840108
578.43733,0.633926454
578.6315,0.633975096
578.82567,0.633995845
579.01984,0.633999988
579.21401,0.633997474
579.40818,0.633994722
579.60235,0.633994441
579.79652,0.633996617
579.99069,0.634
580.18486,0.634003236
580.37903,0.634005154
580.5732,0.634005266
580.76737,0.63400368
580.96154,0.634000593
581.15571,0.633995863
581.34988,0.633989001
581.54405,0.633981222
581.73822,0.633978036
581.93239,0.633990729
582.12656,0.634035703
582.32073,0.634130996
582.5149,0.63429226
582.70907,0.634528677
582.90324,0.634839176
583.09741,0.635210599
583.29158,0.63561886
583.48575,0.636034727
583.67992,0.636432383
583.87409,0.636797136
584.06826,0.637130206
584.26243,0.637448741
584.4566,0.637781288
584.65077,0.638159825
584.84494,0.638609582
585.03911,0.639139835
585.23328,0.639738586
585.42745,0.64037356
585.62162,0.640999452
585.81579,0.641568587
586.00996,0.642042329
586.20413,0.642400375
586.3983,0.642645307
586.59247,0.642800689
586.78664,0.642903729
586.98081,0.642995079
587.17498,0.643108706
587.36915,0.643264535
587.56332,0.643465697
587.75749,0.643700865
587.95166,0.643950288
588.14583,0.644193316
588.34,0.644415047
588.53417,0.644610102
588.72834,0.644782741
588.92251,0.644943883
589.11668,0.645106445
589.31085,0.645280453
589.50502,0.645470488
589.69919,0.645675645
589.89336,0.645890857
590.08753,0.646108865
590.2817,0.646321824
590.47587,0.646523467
590.67004,0.646711483
590.86421,0.646888258
591.05838,0.647060052
591.25255,0.647234541
591.44672,0.647418196
591.64089,0.647614935
591.83506,0.647824963
592.02923,0.648044279
592.2234,0.648264985
592.41757,0.648477047
592.61174,0.648672222
592.80591,0.648847642
593.00008,0.649007797
593.19425,0.649163721
593.38842,0.649329328
593.58259,0.649517113
593.77676,0.64973343
593.97093,0.649974917
594.1651,0.650227694
594.35927,0.650470231
594.55344,0.650681053
594.74761,0.650847656
594.94178,0.650973065
595.13595,0.651077249
595.33012,0.65119164
595.52429,0.651349473
595.71846,0.651573991
595.91263,0.651867644
596.1068,0.652206573
596.30097,0.652543191
596.49514,0.652819392
596.68931,0.652986662
596.88348,0.653026005
597.07765,0.652961751
597.27182,0.652863649
597.46599,0.652836497
597.66016,0.652999892
597.85433,0.653461185
598.0485,0.65428837
598.24267,0.655489989
598.43684,0.657009663
598.63101,0.658737429
598.82518,0.660531748
599.01935,0.662247019
599.21352,0.66376091
599.40769,0.664995571
599.60186,0.665926065
599.79603,0.666575349
599.9902,0.667
600.18437,0.667272097
600.37854,0.667461972
600.57271,0.667623995
600.76688,0.667790138
600.96105,0.667971537
601.15522,0.668165493
601.34939,0.668364448
601.54356,0.668561796
601.73773,0.668754581
601.9319,0.668943607
602.12607,0.669131842
602.32024,0.669322728
602.51441,0.669517778
602.70858,0.669715466
602.90275,0.669912436
603.09692,0.670105868
603.29109,0.670295968
603.48526,0.670485843
603.67943,0.670679197
603.8736,0.67087815
604.06777,0.671081898
604.26194,0.671287201
604.45611,0.671489516
604.65028,0.671684099
604.84445,0.671868212
605.03862,0.67204311
605.23279,0.672214954
605.42696,0.672393245
605.62113,0.672586322
605.8153,0.672797476
606.00947,0.67302294
606.20364,0.67325277
606.39781,0.673474173
606.59198,0.673674874
606.78615,0.673847464
606.98032,0.673993247
607.17449,0.674124123
607.36866,0.674261399
607.56283,0.674429854
607.757,0.674650652
607.95117,0.674935307
608.14534,0.675282243
608.33951,0.675677111
608.53368,0.676095179
608.72785,0.676506259
608.92202,0.67688142
609.11619,0.67719967
609.31036,0.677452963
609.50453,0.677647268
609.6987,0.677799688
609.89287,0.677933153
610.08704,0.67807021
610.28121,0.678227536
610.47538,0.6784126
610.66955,0.678623263
610.86372,0.678850047
611.05789,0.679080055
611.25206,0.679301282
611.44623,0.679506084
611.6404,0.679692899
611.83457,0.679865984
612.02874,0.680033515
612.22291,0.680204742
612.41708,0.680387045
612.61125,0.680583806
612.80542,0.68079362
612.99959,0.681010925
613.19376,0.681227816
613.38793,0.681436517
613.5821,0.681631818
613.77627,0.681812784
613.97044,0.681983257
614.16461,0.682150921
614.35878,0.682325055
614.55295,0.682513563
614.74712,0.682720182
614.94129,0.682942724
615.13546,0.683172996
615.32963,0.683398726
615.5238,0.683607162
615.71797,0.6837894
615.91214,0.683944199
616.10631,0.684080013
616.30048,0.684214305
616.49465,0.684369929
616.68882,0.684569512
616.88299,0.684829251
617.07716,0.685153798
617.27133,0.685533816
617.4655,0.685947382
617.65967,0.686364863
617.85384,0.686755729
618.04801,0.687095567
618.24218,0.687371602
618.43635,0.687585085
618.63052,0.687749725
618.82469,0.68788711
619.01886,0.688020614
619.21303,0.688169487
619.4072,0.688344619
619.60137,0.688547097
619.79554,0.688769623
619.98971,0.689
620.18388,0.68922545
620.37805,0.689436504
620.57222,0.689629401
620.76639,0.689806507
620.96056,0.689974921
621.15473,0.690143862
621.3489,0.690321667
621.54307,0.690513283
621.73724,0.690718977
621.93141,0.690934487
622.12558,0.69115247
622.31975,0.691364807
622.51392,0.691565147
622.70809,0.691750933
622.90226,0.691924365
623.09643,0.692091979
623.2906,0.692262815
623.48477,0.692445602
623.67894,0.692645808
623.87311,0.692863422
624.06728,0.693092238
624.26145,0.693321073
624.45562,0.693536863
624.64979,0.693728869
624.84396,0.693892822
625.03813,0.694033706
625.2323,0.694166103
625.42647,0.694311543
625.62064,0.694493443
625.81481,0.694730922
626.00898,0.69503312
626.20315,0.695395649
626.39732,0.69580058
626.59149,0.696220272
626.78566,0.696623682
626.97983,0.696983518
627.174,0.697282464
627.36817,0.697516845
627.56234,0.697696407
627.75651,0.69784063
627.95068,0.69797298
628.14485,0.698114746
628.33902,0.698280066
628.53319,0.698473431
628.72736,0.698690165
628.92153,0.69891931
629.1157,0.6991478
629.30987,0.699364642
629.50404,0.699563925
629.69821,0.699745947
629.89238,0.699916399
630.08655,0.7000841
630.28072,0.700258025
630.47489,0.700444527
630.66906,0.700645565
630.86323,0.70085836
631.0574,0.701076415
631.25157,0.701291592
631.44574,0.701496649
631.63991,0.701687528
631.83408,0.701864737
632.02825,0.702033435
632.22242,0.702202069
632.41659,0.702379827
632.61076,0.702573623
632.80493,0.702785539
632.9991,0.7030115
633.19327,0.703241801
633.38744,0.703463591
633.58161,0.703664816
633.77578,0.70383853
633.96995,0.703986295
634.16412,0.704119481
634.35829,0.704257663
634.55246,0.704424274
634.74663,0.704640647
634.9408,0.704919959
635.13497,0.705262765
635.32914,0.705655618
635.52331,0.706073652
635.71748,0.706486205
635.91165,0.706863882
636.10582,0.707185292
636.29999,0.707441801
636.49416,0.707638724
636.68833,0.707792717
636.8825,0.707926566
637.07667,0.70806298
637.27084,0.708219032
637.46501,0.708402686
637.65918,0.708612247
637.85335,0.70883852
638.04752,0.709068676
638.24169,0.709290571
638.43586,0.709496284
638.63003,0.70968394
638.8242,0.709857539
639.01837,0.710025125
639.21254,0.710195965
639.40671,0.710377595
639.60088,0.710573628
639.79505,0.710782892
639.98922,0.711
640.18339,0.711217108
640.37756,0.711426372
640.57173,0.711622405
640.7659,0.711804035
640.96007,0.711974875
641.15424,0.712142461
641.34841,0.71231606
641.54258,0.712503716
641.73675,0.712709429
641.93092,0.712931324
642.12509,0.71316148
642.31926,0.713387753
642.51343,0.713597314
642.7076,0.713780968
642.90177,0.71393702
643.09594,0.714073434
643.29011,0.714207283
643.48428,0.714361276
643.67845,0.714558199
643.87262,0.714814708
644.06679,0.715136118
644.26096,0.715513795
644.45513,0.715926348
644.6493,0.716344382
644.84347,0.716737235
645.03764,0.717080041
645.23181,0.717359353
645.42598,0.717575726
645.62015,0.717742337
645.81432,0.717880519
646.00849,0.718013705
646.20266,0.71816147
646.39683,0.718335184
646.591,0.718536409
646.78517,0.718758199
646.97934,0.7189885
647.17351,0.719214461
647.36768,0.719426377
647.56185,0.719620173
647.75602,0.719797931
647.95019,0.719966565
648.14436,0.720135263
648.33853,0.720312472
648.5327,0.720503351
648.72687,0.720708408
648.92104,0.720923585
649.11521,0.72114164
649.30938,0.721354435
649.50355,0.721555473
649.69772,0.721741975
649.89189,0.7219159
650.08606,0.722083601
650.28023,0.722254053
650.4744,0.722436075
650.66857,0.722635358
650.86274,0.7228522
651.05691,0.72308069
651.25108,0.723309835
651.44525,0.723526569
651.63942,0.723719934
651.83359,0.723885254
652.02776,0.72402702
652.22193,0.72415937
652.4161,0.724303593
652.61027,0.724483155
652.80444,0.724717536
652.99861,0.725016482
653.19278,0.725376318
653.38695,0.725779728
653.58112,0.72619942
653.77529,0.726604351
653.96946,0.72696688
654.16363,0.727269078
654.3578,0.727506557
654.55197,0.727688457
654.74614,0.727833897
654.94031,0.727966294
655.13448,0.728107178
655.32865,0.728271131
655.52282,0.728463137
655.71699,0.728678927
655.91116,0.728907762
656.10533,0.729136578
656.2995,0.729354192
656.49367,0.729554398
656.68784,0.729737185
656.88201,0.729908021
657.07618,0.730075635
657.27035,0.730249067
657.46452,0.730434853
657.65869,0.730635193
657.85286,0.73084753
658.04703,0.731065513
658.2412,0.731281023
658.43537,0.731486717
658.62954,0.731678333
658.82371,0.731856138
659.01788,0.732025079
659.21205,0.732193493
659.40622,0.732370599
659.60039,0.732563496
659.79456,0.73277455
659.98873,0.733
660.1829,0.733230377
660.37707,0.733452903
660.57124,0.733655381
660.76541,0.733830513
660.95958,0.733979386
661.15375,0.73411289
661.34792,0.734250275
661.54209,0.734414915
661.73626,0.734628398
661.93043,0.734904433
662.1246,0.735244271
662.31877,0.735635137
662.51294,0.736052618
662.70711,0.736466184
662.90128,0.736846202
663.09545,0.737170749
663.28962,0.737430488
663.48379,0.737630071
663.67796,0.737785695
663.87213,0.737919987
664.0663,0.738055801
664.26047,0.7382106
664.45464,0.738392838
664.64881,0.738601274
664.84298,0.738827004
665.03715,0.739057276
665.23132,0.739279818
665.42549,0.739486437
665.61966,0.739674945
665.81383,0.739849079
666.008,0.740016743
666.20217,0.740187216
666.39634,0.740368182
666.59051,0.740563483
666.78468,0.740772184
666.97885,0.740989075
667.17302,0.74120638
667.36719,0.741416194
667.56136,0.741612955
667.75553,0.741795258
667.9497,0.741966485
668.14387,0.742134016
668.33804,0.742307101
668.53221,0.742493916
668.72638,0.742698718
668.92055,0.742919945
669.11472,0.743149953
669.30889,0.743376737
669.50306,0.7435874
669.69723,0.743772464
669.8914,0.74392979
670.08557,0.744066847
670.27974,0.744200312
670.47391,0.744352732
670.66808,0.744547037
670.86225,0.74480033
671.05642,0.745118583
671.25059,0.745493862
671.44476,0.745905329
671.63893,0.746323835
671.8331,0.746718613
672.02727,0.747064352
672.22144,0.747346943
672.41561,0.747566241
672.60978,0.747734878
672.80395,0.747873917
672.99812,0.748006835
673.19229,0.748153521
673.38646,0.748325819
673.58063,0.748525774
673.7748,0.748746797
673.96897,0.748976988
674.16314,0.749203436
674.35731,0.749416203
674.55148,0.749610905
674.74565,0.749789332
674.93982,0.74995821
675.13399,0.750126686
675.32816,0.750303312
675.52233,0.750493454
675.7165,0.750697865
675.91067,0.750912689
676.10484,0.751130797
676.29901,0.751344033
676.49318,0.751545762
676.68735,0.751732984
676.88152,0.751907419
677.07569,0.75207523
677.26986,0.752245321
677.46403,0.752426592
677.6582,0.752624954
677.85237,0.752841008
678.04654,0.753069144
678.24071,0.753298565
678.43488,0.753516215
678.62905,0.753710927
678.82322,0.753877626
679.01739,0.754020308
679.21156,0.754152666
679.40573,0.754295732
679.5999,0.754473005
679.79407,0.754704314
679.98824,0.755
680.18241,0.755357098
680.37658,0.755758917
680.57075,0.75617853
680.76492,0.756584912
680.95909,0.756950089
681.15326,0.757255526
681.34743,0.757496128
681.5416,0.757680414
681.73577,0.757827132
681.92994,0.75795963
682.12411,0.75809967
682.31828,0.758262268
682.51245,0.758452904
682.70662,0.758667721
682.90079,0.758896213
683.09496,0.759125327
683.28913,0.759343698
683.4833,0.759544826
683.67747,0.759728393
683.87164,0.759899634
684.06581,0.760067185
684.25998,0.760240141
684.45415,0.760425216
684.64832,0.760624852
684.84249,0.760836715
685.03666,0.761054604
685.23083,0.761270429
685.425,0.761476748
685.61917,0.761669102
685.81334,0.761847517
686.00751,0.762016723
686.20168,0.762184938
686.39585,0.762361412
686.59002,0.762553416
686.78419,0.762763599
686.97836,0.762988513
687.17253,0.763218934
687.3667,0.763442165
687.56087,0.763645875
687.75504,0.763822429
687.94921,0.763972436
688.14338,0.764106308
688.33755,0.764242956
688.53172,0.76440568
688.72589,0.764616307
688.92006,0.764889069
689.11423,0.765225907
689.3084,0.765614722
689.50257,0.766031575
689.69674,0.766446077
689.89091,0.766828382
690.08508,0.767156041
690.27925,0.767419022
690.47342,0.767621306
690.66759,0.76777862
690.86176,0.767913412
691.05593,0.768048673
691.2501,0.768202278
691.44427,0.768383227
691.63844,0.76859066
691.83261,0.768815783
692.02678,0.769045742
692.22095,0.769268183
692.41512,0.769475048
692.60929,0.769664273
692.80346,0.769839536
692.99763,0.770008432
693.1918,0.770179835
693.38597,0.770361219
693.58014,0.770556225
693.77431,0.770763708
693.96848,0.770978413
694.16265,0.77119298
694.35682,0.771400667
694.55099,0.771597164
694.74516,0.771781636
694.93933,0.771956957
695.1335,0.772129057
695.32767,0.772305618
695.52184,0.77249346
695.71601,0.772695927
695.91018,0.772911441
696.10435,0.773133636
696.29852,0.773353355
696.49269,0.773561098
696.68686,0.773749535
696.88103,0.773916245
697.0752,0.774065761
697.26937,0.774210383
697.46354,0.774368271
697.65771,0.774558949
697.85188,0.77479845
698.04605,0.775095085
698.24022,0.775447168
698.43439,0.775842753
698.62856,0.776260611
698.82273,0.77667365
699.0169,0.777053963
699.21107,0.777378675
699.40524,0.777634603
699.59941,0.777818704
699.79358,0.777936589
699.98775,0.778
